ds,unique_id,y,MLPMultivariate
2015-06-17,BORE_OIL_VOL,-0.6047040984032791,-0.59160686
2015-06-18,BORE_OIL_VOL,-0.6049836747280263,-0.5922669
2015-06-19,BORE_OIL_VOL,-0.611041161764214,-0.5945623
2015-06-20,BORE_OIL_VOL,-0.6001959301667317,-0.59837663
2015-06-21,BORE_OIL_VOL,-0.6035450215569317,-0.59092724
2015-06-22,BORE_OIL_VOL,-0.5952334504024701,-0.59423405
2015-06-23,BORE_OIL_VOL,-0.6000561420043581,-0.58776796
2015-06-24,BORE_OIL_VOL,-0.5987805750226993,-0.5888895
2015-06-25,BORE_OIL_VOL,-0.5999280028555156,-0.5872074
2015-06-26,BORE_OIL_VOL,-0.6082512230235083,-0.58827513
2015-06-27,BORE_OIL_VOL,-0.603096534535983,-0.5951651
2015-06-28,BORE_OIL_VOL,-0.5804159051908724,-0.59173095
2015-06-29,BORE_OIL_VOL,-0.5811963890974581,-0.5786269
2015-06-30,BORE_OIL_VOL,-0.5770959363345002,-0.5804913
2015-07-01,BORE_OIL_VOL,-0.6089035677812517,-0.57200116
2015-07-02,BORE_OIL_VOL,-0.5733915500316007,-0.5858111
2015-07-03,BORE_OIL_VOL,-0.5750864815003802,-0.5706253
2015-07-04,BORE_OIL_VOL,-0.5817788397740146,-0.5726266
2015-07-05,BORE_OIL_VOL,-0.5843125002170354,-0.5714762
2015-07-06,BORE_OIL_VOL,-0.5879877639861071,-0.5721926
2015-07-07,BORE_OIL_VOL,-0.5900612883946482,-0.5767722
2015-07-08,BORE_OIL_VOL,-0.5950528906927376,-0.5793289
2015-07-09,BORE_OIL_VOL,-0.5980466871702381,-0.58652276
2015-07-10,BORE_OIL_VOL,-0.6011103777289254,-0.5871813
2015-07-11,BORE_OIL_VOL,-0.607692070374014,-0.589187
2015-07-12,BORE_OIL_VOL,-0.6101267142020202,-0.5963391
2015-07-13,BORE_OIL_VOL,-0.6410956166745303,-0.5997094
2015-07-14,BORE_OIL_VOL,-0.6468385803453776,-0.61724216
2015-07-15,BORE_OIL_VOL,-0.6513933446360495,-0.62614363
2015-07-16,BORE_OIL_VOL,-0.655604463027553,-0.63559604
2015-07-17,BORE_OIL_VOL,-0.6581555969908707,-0.64114106
2015-07-18,BORE_OIL_VOL,-0.6586739780930059,-0.6442277
2015-07-19,BORE_OIL_VOL,-0.663630633350502,-0.6432307
2015-07-20,BORE_OIL_VOL,-0.6662108898476473,-0.6486827
2015-07-21,BORE_OIL_VOL,-0.6632928119580991,-0.6496559
2015-07-22,BORE_OIL_VOL,-0.6602990154805986,-0.6479102
2015-07-23,BORE_OIL_VOL,-0.660188349852053,-0.6472471
2015-07-24,BORE_OIL_VOL,-0.6635665637760807,-0.64808697
2015-07-25,BORE_OIL_VOL,-0.6669913737542331,-0.6489537
2015-07-26,BORE_OIL_VOL,-0.671103475530722,-0.6514865
2015-07-27,BORE_OIL_VOL,-0.6737361525887575,-0.6554108
2015-07-28,BORE_OIL_VOL,-0.67927525852281,-0.6583985
2015-07-29,BORE_OIL_VOL,-0.6731187548716077,-0.66327536
2015-07-30,BORE_OIL_VOL,-0.6792344869754511,-0.65526205
2015-07-31,BORE_OIL_VOL,-0.6855016562551991,-0.668974
2015-08-01,BORE_OIL_VOL,-0.6868937133721692,-0.66503096
2015-08-02,BORE_OIL_VOL,-0.687004379000715,-0.66970587
2015-08-03,BORE_OIL_VOL,-0.6901670861744169,-0.6733199
2015-08-04,BORE_OIL_VOL,-0.6889148172198203,-0.6764284
2015-08-05,BORE_OIL_VOL,-0.6880061941643922,-0.674121
2015-08-06,BORE_OIL_VOL,-0.6928580083001079,-0.6747278
2015-08-07,BORE_OIL_VOL,-0.6961721526497145,-0.67656285
2015-08-08,BORE_OIL_VOL,-0.701577294928159,-0.6786256
2015-08-09,BORE_OIL_VOL,-0.6991717736339806,-0.6826575
2015-08-10,BORE_OIL_VOL,-0.7009598972110092,-0.68266463
2015-08-11,BORE_OIL_VOL,-0.7053341017919486,-0.6843352
2015-08-12,BORE_OIL_VOL,-0.7028062658556932,-0.68884164
2015-08-13,BORE_OIL_VOL,-0.7050312274401392,-0.6860206
2015-08-14,BORE_OIL_VOL,-0.704483723804176,-0.69005656
2015-08-15,BORE_OIL_VOL,-0.704576915912425,-0.68908304
2015-08-16,BORE_OIL_VOL,-0.7052991547513552,-0.68907183
2015-08-17,BORE_OIL_VOL,-0.7088986999324743,-0.69014317
2015-08-18,BORE_OIL_VOL,-0.7071222253689771,-0.6920365
2015-08-19,BORE_OIL_VOL,-0.703895448620854,-0.6932608
2015-08-20,BORE_OIL_VOL,-0.7045943894327218,-0.68675786
2015-08-21,BORE_OIL_VOL,-0.7070872783283837,-0.6923547
2015-08-22,BORE_OIL_VOL,-0.7075182918290355,-0.6896881
2015-08-23,BORE_OIL_VOL,-0.7141757030620765,-0.69018126
2015-08-24,BORE_OIL_VOL,-0.7148338723265854,-0.69524586
2015-08-25,BORE_OIL_VOL,-0.7155269886316876,-0.6986803
2015-08-26,BORE_OIL_VOL,-0.8082181892988917,-0.69954425
2015-08-27,BORE_OIL_VOL,-0.9964429499348958,-0.76128167
2015-08-28,BORE_OIL_VOL,-0.9964429499348958,-0.9002324
2015-08-29,BORE_OIL_VOL,-0.9964429499348958,-0.9250523
2015-08-30,BORE_OIL_VOL,-0.9964429499348958,-0.9845374
2015-08-31,BORE_OIL_VOL,-0.7053166282716519,-0.9980819
2015-09-01,BORE_OIL_VOL,-0.7230930229201568,-0.680753
2015-09-02,BORE_OIL_VOL,-0.7384580717677176,-0.7706692
2015-09-03,BORE_OIL_VOL,-0.745994983522359,-0.6882896
2015-09-04,BORE_OIL_VOL,-0.7555762971517137,-0.67602736
2015-09-05,BORE_OIL_VOL,-0.7461231226712014,-0.7123665
2015-09-06,BORE_OIL_VOL,-0.754353150730945,-0.7312367
2015-09-07,BORE_OIL_VOL,-0.756042257692959,-0.7394812
2015-09-08,BORE_OIL_VOL,-0.7580051164729543,-0.73267865
2015-09-09,BORE_OIL_VOL,-0.7578595038038152,-0.73804784
2015-09-10,BORE_OIL_VOL,-0.758639987710401,-0.73928535
2015-09-11,BORE_OIL_VOL,-0.7578595038038152,-0.73875356
2015-09-12,BORE_OIL_VOL,-0.7546502005759889,-0.7376187
2015-09-13,BORE_OIL_VOL,-0.7567004269574679,-0.7366534
2015-09-14,BORE_OIL_VOL,-0.7630083677845749,-0.73715013
2015-09-15,BORE_OIL_VOL,-0.7547608662045345,-0.74087566
2015-09-16,BORE_OIL_VOL,-0.7524077654712462,-0.73732126
2015-09-17,BORE_OIL_VOL,-0.7547725152180657,-0.73653424
2015-09-18,BORE_OIL_VOL,-0.745057237933103,-0.73601735
2015-09-19,BORE_OIL_VOL,-0.7523203978697628,-0.73237896
2015-09-20,BORE_OIL_VOL,-0.7627346159665933,-0.7344037
2015-09-21,BORE_OIL_VOL,-0.7490470250675152,-0.74139065
2015-09-22,BORE_OIL_VOL,-0.7921367261191663,-0.7329052
2015-09-23,BORE_OIL_VOL,-0.7477598090723252,-0.766209
2015-09-24,BORE_OIL_VOL,-0.7481442265188526,-0.72735524
2015-09-25,BORE_OIL_VOL,-0.7498741050282255,-0.7408797
2015-09-26,BORE_OIL_VOL,-0.7491926377366542,-0.7308802
2015-09-27,BORE_OIL_VOL,-0.7523203978697628,-0.7272434
2015-09-28,BORE_OIL_VOL,-0.7532348454319565,-0.7274157
2015-09-29,BORE_OIL_VOL,-0.7540211538453078,-0.7333991
2015-09-30,BORE_OIL_VOL,-0.7717043563855636,-0.73579514
2015-10-01,BORE_OIL_VOL,-0.7681514072585689,-0.7468068
2015-10-02,BORE_OIL_VOL,-0.7587856003795401,-0.7453551
2015-10-03,BORE_OIL_VOL,-0.760835826761019,-0.74385405
2015-10-04,BORE_OIL_VOL,-0.7621638143035679,-0.74346244
2015-10-05,BORE_OIL_VOL,-0.7634918018461168,-0.7419815
2015-10-06,BORE_OIL_VOL,-0.7647032992533542,-0.7406136
2015-10-07,BORE_OIL_VOL,-0.7640218319617832,-0.743238
2015-10-08,BORE_OIL_VOL,-0.7674116948993421,-0.74425024
2015-10-09,BORE_OIL_VOL,-0.7633112421363842,-0.7464185
2015-10-10,BORE_OIL_VOL,-0.763998533934721,-0.74399436
2015-10-11,BORE_OIL_VOL,-0.7632704705890253,-0.7448601
2015-10-12,BORE_OIL_VOL,-0.7659147966605919,-0.74388397
2015-10-13,BORE_OIL_VOL,-0.7939830947638503,-0.7446318
2015-10-14,BORE_OIL_VOL,-0.7707607862895421,-0.7625942
2015-10-15,BORE_OIL_VOL,-0.7718266710276405,-0.7499436
2015-10-16,BORE_OIL_VOL,-0.7652449783825519,-0.75634515
2015-10-17,BORE_OIL_VOL,-0.7676970957308549,-0.7471987
2015-10-18,BORE_OIL_VOL,-0.766811770702489,-0.749143
2015-10-19,BORE_OIL_VOL,-0.7738827219158851,-0.7455833
2015-10-20,BORE_OIL_VOL,-0.7734983044693577,-0.75098383
2015-10-21,BORE_OIL_VOL,-0.7750592722825292,-0.75257933
2015-10-22,BORE_OIL_VOL,-0.7751815869246061,-0.75388813
2015-10-23,BORE_OIL_VOL,-0.7778492110232349,-0.7571264
2015-10-24,BORE_OIL_VOL,-0.7804818880812704,-0.75597954
2015-10-25,BORE_OIL_VOL,-0.7681630562721,-0.75686914
2015-10-26,BORE_OIL_VOL,-0.7967206129436661,-0.7515297
2015-10-27,BORE_OIL_VOL,-0.7968138050519151,-0.76550424
2015-10-28,BORE_OIL_VOL,-0.7796664571340912,-0.76502854
2015-10-29,BORE_OIL_VOL,-0.8123477645956775,-0.75851774
2015-10-30,BORE_OIL_VOL,-0.7836970158158624,-0.78595495
2015-10-31,BORE_OIL_VOL,-0.7694444477605243,-0.7590003
2015-11-01,BORE_OIL_VOL,-0.7672893802572652,-0.75370586
2015-11-02,BORE_OIL_VOL,-0.7777560189149858,-0.752583
2015-11-03,BORE_OIL_VOL,-0.7769697105016347,-0.7541964
2015-11-04,BORE_OIL_VOL,-0.7692813615710885,-0.74746263
2015-11-05,BORE_OIL_VOL,-0.7664506512830238,-0.75297356
2015-11-06,BORE_OIL_VOL,-0.7845881653509938,-0.7544474
2015-11-07,BORE_OIL_VOL,-0.7879955018088495,-0.76185584
2015-11-08,BORE_OIL_VOL,-0.7936685713985099,-0.7612995
2015-11-09,BORE_OIL_VOL,-0.8088763585634006,-0.7668047
2015-11-10,BORE_OIL_VOL,-0.8106062370727735,-0.7793586
2015-11-11,BORE_OIL_VOL,-0.8008385392269207,-0.7824113
2015-11-12,BORE_OIL_VOL,-0.7671146450542983,-0.7798445
2015-11-13,BORE_OIL_VOL,-0.7687222089215943,-0.75940716
2015-11-14,BORE_OIL_VOL,-0.7638470967588163,-0.75630015
2015-11-15,BORE_OIL_VOL,-0.7626239503380475,-0.74440265
2015-11-16,BORE_OIL_VOL,-0.7630316658116372,-0.74074304
2015-11-17,BORE_OIL_VOL,-0.764225689698578,-0.74420065
2015-11-18,BORE_OIL_VOL,-0.7666778070468809,-0.7430612
2015-11-19,BORE_OIL_VOL,-0.7596185048470159,-0.7438223
2015-11-20,BORE_OIL_VOL,-0.7697065505649748,-0.7421702
2015-11-21,BORE_OIL_VOL,-0.76342190776493,-0.7489761
2015-11-22,BORE_OIL_VOL,-0.7697531466190993,-0.74391174
2015-11-23,BORE_OIL_VOL,-0.7691706959425428,-0.74798906
2015-11-24,BORE_OIL_VOL,-0.7711801507766628,-0.74882877
2015-11-25,BORE_OIL_VOL,-0.7736322681249658,-0.7521132
2015-11-26,BORE_OIL_VOL,-0.7751233418569504,-0.7521683
2015-11-27,BORE_OIL_VOL,-0.77681827332573,-0.753808
2015-11-28,BORE_OIL_VOL,-0.7786413439433517,-0.757002
2015-11-29,BORE_OIL_VOL,-0.7808837790480945,-0.75755465
2015-11-30,BORE_OIL_VOL,-0.7826136575574671,-0.7593206
2015-12-01,BORE_OIL_VOL,-0.78568317262292,-0.761291
2015-12-02,BORE_OIL_VOL,-0.7865917956783482,-0.7639064
2015-12-03,BORE_OIL_VOL,-0.7859452754273706,-0.7651907
2015-12-04,BORE_OIL_VOL,-0.7895972411693799,-0.76537204
2015-12-05,BORE_OIL_VOL,-0.780312977385069,-0.7660921
2015-12-06,BORE_OIL_VOL,-0.7833417209031628,-0.7612804
2015-12-07,BORE_OIL_VOL,-0.7813730376164019,-0.76159513
2015-12-08,BORE_OIL_VOL,-0.7821709950432844,-0.75904644
2015-12-09,BORE_OIL_VOL,-0.9058835187438885,-0.75970966
2015-12-10,BORE_OIL_VOL,-0.7555471746178859,-0.84671795
2015-12-11,BORE_OIL_VOL,-0.7723217541027136,-0.72452176
2015-12-12,BORE_OIL_VOL,-0.7763989088386092,-0.7889685
2015-12-13,BORE_OIL_VOL,-0.7798994374047139,-0.756361
2015-12-14,BORE_OIL_VOL,-0.7817399815426324,-0.7466496
2015-12-15,BORE_OIL_VOL,-0.7829456544431045,-0.7499794
2015-12-16,BORE_OIL_VOL,-0.7857996627582314,-0.76261497
2015-12-17,BORE_OIL_VOL,-0.7840581352353273,-0.76461774
2015-12-18,BORE_OIL_VOL,-0.7872674384631538,-0.7624379
2015-12-19,BORE_OIL_VOL,-0.7888400552898563,-0.764463
2015-12-20,BORE_OIL_VOL,-0.7919037458485436,-0.7663781
2015-12-21,BORE_OIL_VOL,-0.7929346835460488,-0.7686806
2015-12-22,BORE_OIL_VOL,-0.7951596451304946,-0.7704884
2015-12-23,BORE_OIL_VOL,-0.7957653938341134,-0.77262527
2015-12-24,BORE_OIL_VOL,-0.7973787822081749,-0.7731937
2015-12-25,BORE_OIL_VOL,-0.797926285844138,-0.7750783
2015-12-26,BORE_OIL_VOL,-0.7998483730767746,-0.77558386
2015-12-27,BORE_OIL_VOL,-0.8042633492050729,-0.7767451
2015-12-28,BORE_OIL_VOL,-0.802748977446026,-0.7804301
2015-12-29,BORE_OIL_VOL,-0.8037624416232344,-0.7798258
2015-12-30,BORE_OIL_VOL,-0.8038672827450146,-0.781691
2015-12-31,BORE_OIL_VOL,-0.8053874790108271,-0.7817893
2016-01-01,BORE_OIL_VOL,-0.8060864198226949,-0.7826154
2016-01-02,BORE_OIL_VOL,-0.8101169785044661,-0.7834531
2016-01-03,BORE_OIL_VOL,-0.864943060688731,-0.7863065
2016-01-04,BORE_OIL_VOL,-0.848197603737731,-0.8278028
2016-01-05,BORE_OIL_VOL,-0.8080725766297525,-0.80749804
2016-01-06,BORE_OIL_VOL,-0.8106586576336635,-0.80186534
2016-01-07,BORE_OIL_VOL,-0.8097500345782354,-0.7949635
2016-01-08,BORE_OIL_VOL,-0.808416222528921,-0.78534615
2016-01-09,BORE_OIL_VOL,-0.8077697022779432,-0.7747688
2016-01-10,BORE_OIL_VOL,-0.8071872516013866,-0.7824279
2016-01-11,BORE_OIL_VOL,-0.8052884623958124,-0.78445137
2016-01-12,BORE_OIL_VOL,-0.8043390677930253,-0.7835424
2016-01-13,BORE_OIL_VOL,-0.8247131924589723,-0.7811192
2016-01-14,BORE_OIL_VOL,-0.8025159971754033,-0.7943072
2016-01-15,BORE_OIL_VOL,-0.802615013790418,-0.77980816
2016-01-16,BORE_OIL_VOL,-0.8037041965555787,-0.7818155
2016-01-17,BORE_OIL_VOL,-0.8057078268829331,-0.7821486
2016-01-18,BORE_OIL_VOL,-0.8071348310404967,-0.7800915
2016-01-19,BORE_OIL_VOL,-0.8127904271098604,-0.77926207
2016-01-20,BORE_OIL_VOL,-0.8425711302021951,-0.78605247
2016-01-21,BORE_OIL_VOL,-0.8194827853834948,-0.8067002
2016-01-22,BORE_OIL_VOL,-0.8274157635981945,-0.7908561
2016-01-23,BORE_OIL_VOL,-0.8220979889212335,-0.80755717
2016-01-24,BORE_OIL_VOL,-0.8200477625397545,-0.7980815
2016-01-25,BORE_OIL_VOL,-0.8194478383429015,-0.7991582
2016-01-26,BORE_OIL_VOL,-0.8382202236483179,-0.8035241
2016-01-27,BORE_OIL_VOL,-0.8170656150757852,-0.8050108
2016-01-28,BORE_OIL_VOL,-0.8252839941219977,-0.79676336
2016-01-29,BORE_OIL_VOL,-0.8244743876815841,-0.8036117
2016-01-30,BORE_OIL_VOL,-0.8253830107370123,-0.7987339
2016-01-31,BORE_OIL_VOL,-0.8278758996326742,-0.79759836
2016-02-01,BORE_OIL_VOL,-0.8295184105405636,-0.8017733
2016-02-02,BORE_OIL_VOL,-0.8294368674458457,-0.8040559
2016-02-03,BORE_OIL_VOL,-0.8322908757609726,-0.8051182
2016-02-04,BORE_OIL_VOL,-0.8544822465377758,-0.8072419
2016-02-05,BORE_OIL_VOL,-0.8283185621468572,-0.82402503
2016-02-06,BORE_OIL_VOL,-0.8311783949687496,-0.8022817
2016-02-07,BORE_OIL_VOL,-0.8349002547919457,-0.8147043
2016-02-08,BORE_OIL_VOL,-0.8352206026640518,-0.8092286
2016-02-09,BORE_OIL_VOL,-0.8344342942507006,-0.80815995
2016-02-10,BORE_OIL_VOL,-0.8364495735915861,-0.8074208
2016-02-11,BORE_OIL_VOL,-0.8342828570747958,-0.8126695
2016-02-12,BORE_OIL_VOL,-0.8432060014396418,-0.81059027
2016-02-13,BORE_OIL_VOL,-0.8476559246085335,-0.8163425
2016-02-14,BORE_OIL_VOL,-0.8448543368542967,-0.81986177
2016-02-15,BORE_OIL_VOL,-0.8453552444361353,-0.82041657
2016-02-16,BORE_OIL_VOL,-0.8469919308372591,-0.8211374
2016-02-17,BORE_OIL_VOL,-0.8474287688446765,-0.82192945
2016-02-18,BORE_OIL_VOL,-0.8501371644906642,-0.8225323
2016-02-19,BORE_OIL_VOL,-0.8550064521466768,-0.824214
2016-02-20,BORE_OIL_VOL,-0.8502536546259756,-0.8270724
2016-02-21,BORE_OIL_VOL,-0.857266360771716,-0.8251059
2016-02-22,BORE_OIL_VOL,-0.8546045611798527,-0.82973564
2016-02-23,BORE_OIL_VOL,-0.8547327003286952,-0.8267585
2016-02-24,BORE_OIL_VOL,-0.8551986608699403,-0.82790697
2016-02-25,BORE_OIL_VOL,-0.8522106888992055,-0.8275652
2016-02-26,BORE_OIL_VOL,-0.8396705258329435,-0.8255371
2016-02-27,BORE_OIL_VOL,-0.840643218462793,-0.81649697
2016-02-28,BORE_OIL_VOL,-0.8388026743248745,-0.8166631
2016-02-29,BORE_OIL_VOL,-0.8399908737050498,-0.8122708
2016-03-01,BORE_OIL_VOL,-0.8375271073432157,-0.8092641
2016-03-02,BORE_OIL_VOL,-0.8398219630088484,-0.8118487
2016-03-03,BORE_OIL_VOL,-0.8414644739167377,-0.81037825
2016-03-04,BORE_OIL_VOL,-0.8426235507630853,-0.811943
2016-03-05,BORE_OIL_VOL,-0.8447611447460476,-0.8136893
2016-03-06,BORE_OIL_VOL,-0.8449999495234358,-0.8157141
2016-03-07,BORE_OIL_VOL,-0.846578390856904,-0.8164848
2016-03-08,BORE_OIL_VOL,-0.8482733223256833,-0.81804204
2016-03-09,BORE_OIL_VOL,-0.85019540955832,-0.8194604
2016-03-10,BORE_OIL_VOL,-0.8502594791327411,-0.82116866
2016-03-11,BORE_OIL_VOL,-0.8521291458044875,-0.8221426
2016-03-12,BORE_OIL_VOL,-0.8524960897307181,-0.8239159
2016-03-13,BORE_OIL_VOL,-0.85761583117765,-0.82198346
2016-03-14,BORE_OIL_VOL,-0.8536318685500033,-0.82924336
2016-03-15,BORE_OIL_VOL,-0.8548375414504753,-0.8236557
2016-03-16,BORE_OIL_VOL,-0.8532183285696482,-0.8267527
2016-03-17,BORE_OIL_VOL,-0.8604232434386524,-0.82536876
2016-03-18,BORE_OIL_VOL,-0.8623861022186478,-0.8325206
2016-03-19,BORE_OIL_VOL,-0.8636441956800098,-0.82937205
2016-03-20,BORE_OIL_VOL,-0.8627646951584096,-0.83447194
2016-03-21,BORE_OIL_VOL,-0.8642208218498009,-0.83430433
2016-03-22,BORE_OIL_VOL,-0.8683911686939455,-0.8352424
2016-03-23,BORE_OIL_VOL,-0.8692997917493737,-0.8373416
2016-03-24,BORE_OIL_VOL,-0.86843776474807,-0.8387842
2016-03-25,BORE_OIL_VOL,-0.8677795954835611,-0.8394711
2016-03-26,BORE_OIL_VOL,-0.8702666598724575,-0.8394221
2016-03-27,BORE_OIL_VOL,-0.8764639350710188,-0.84105206
2016-03-28,BORE_OIL_VOL,-0.873219684802599,-0.8459435
2016-03-29,BORE_OIL_VOL,-0.8723693068148265,-0.8425807
2016-03-30,BORE_OIL_VOL,-0.8752349641434847,-0.8454429
2016-03-31,BORE_OIL_VOL,-0.877599713890304,-0.8464418
2016-04-01,BORE_OIL_VOL,-0.8796674137920797,-0.84792197
2016-04-02,BORE_OIL_VOL,-0.8814205903285147,-0.8490355
2016-04-03,BORE_OIL_VOL,-0.8806750534625224,-0.8512468
2016-04-04,BORE_OIL_VOL,-0.8805352653001489,-0.85183847
2016-04-05,BORE_OIL_VOL,-0.8809604542940351,-0.8497991
2016-04-06,BORE_OIL_VOL,-0.8990804948417084,-0.8529037
2016-04-07,BORE_OIL_VOL,-0.8817234646803241,-0.8652994
2016-04-08,BORE_OIL_VOL,-0.8666612901845727,-0.84812
2016-04-09,BORE_OIL_VOL,-0.8699230139732891,-0.84979284
2016-04-10,BORE_OIL_VOL,-0.8706452528122192,-0.8461007
2016-04-11,BORE_OIL_VOL,-0.8734934366205807,-0.8418734
2016-04-12,BORE_OIL_VOL,-0.8772677170046669,-0.8421675
2016-04-13,BORE_OIL_VOL,-0.8774657502346961,-0.8473567
2016-04-14,BORE_OIL_VOL,-0.876691090834876,-0.8485841
2016-04-15,BORE_OIL_VOL,-0.8800460067318414,-0.84890735
2016-04-16,BORE_OIL_VOL,-0.8733536484582071,-0.85102665
2016-04-17,BORE_OIL_VOL,-0.8689037252893153,-0.84396607
2016-04-18,BORE_OIL_VOL,-0.8872509216008455,-0.84337044
2016-04-19,BORE_OIL_VOL,-0.8660613659877194,-0.85095465
2016-04-20,BORE_OIL_VOL,-0.8703016069130509,-0.841568
2016-04-21,BORE_OIL_VOL,-0.8742739205271663,-0.84403944
2016-04-22,BORE_OIL_VOL,-0.880680877969288,-0.84748745
2016-04-23,BORE_OIL_VOL,-0.8757125736982609,-0.8497727
2016-04-24,BORE_OIL_VOL,-0.878712194682527,-0.8478774
2016-04-25,BORE_OIL_VOL,-0.8757766432726821,-0.8499766
2016-04-26,BORE_OIL_VOL,-0.873219684802599,-0.84889615
2016-04-27,BORE_OIL_VOL,-0.8749379142984408,-0.84589446
2016-04-28,BORE_OIL_VOL,-0.8736390492897198,-0.8477953
2016-04-29,BORE_OIL_VOL,-0.8803896526310098,-0.8474887
2016-04-30,BORE_OIL_VOL,-0.8804828447392589,-0.851262
2016-05-01,BORE_OIL_VOL,-0.8835115882573527,-0.8521528
2016-05-02,BORE_OIL_VOL,-0.8792888208523179,-0.85481995
2016-05-03,BORE_OIL_VOL,-0.8793528904267391,-0.8525897
2016-05-04,BORE_OIL_VOL,-0.8803780036174786,-0.8526373
2016-05-05,BORE_OIL_VOL,-0.8796674137920797,-0.8526896
2016-05-06,BORE_OIL_VOL,-0.8791839797305377,-0.8519448
2016-05-07,BORE_OIL_VOL,-0.8797023608326731,-0.8520027
2016-05-08,BORE_OIL_VOL,-0.8800867782792003,-0.8520231
2016-05-09,BORE_OIL_VOL,-0.8815836765179506,-0.8525216
2016-05-10,BORE_OIL_VOL,-0.8829407865943272,-0.8531255
2016-05-11,BORE_OIL_VOL,-0.8833252040408546,-0.8424385
2016-05-12,BORE_OIL_VOL,-0.8842687741368762,-0.86226195
2016-05-13,BORE_OIL_VOL,-0.885060907056993,-0.84815145
2016-05-14,BORE_OIL_VOL,-0.8860452487003736,-0.85428333
2016-05-15,BORE_OIL_VOL,-0.911195468914084,-0.8598159
2016-05-16,BORE_OIL_VOL,-0.8852123442328977,-0.8827702
2016-05-17,BORE_OIL_VOL,-0.8870121168234574,-0.8560609
2016-05-18,BORE_OIL_VOL,-0.8876062165135451,-0.867041
2016-05-19,BORE_OIL_VOL,-0.8886196806907533,-0.8623441
2016-05-20,BORE_OIL_VOL,-0.8887711178666581,-0.85723615
2016-05-21,BORE_OIL_VOL,-0.8902971386392361,-0.8561399
2016-05-22,BORE_OIL_VOL,-0.8898078800709287,-0.8605498
2016-05-23,BORE_OIL_VOL,-0.8893768665702768,-0.86136246
2016-05-24,BORE_OIL_VOL,-0.8886488032245812,-0.8613634
2016-05-25,BORE_OIL_VOL,-0.8881944916968671,-0.86051655
2016-05-26,BORE_OIL_VOL,-0.8881711936698048,-0.86015
2016-05-27,BORE_OIL_VOL,-0.8892021313673097,-0.85999215
2016-05-28,BORE_OIL_VOL,-0.8888351874410793,-0.8609082
2016-05-29,BORE_OIL_VOL,-0.8898661251385843,-0.86047477
2016-05-30,BORE_OIL_VOL,-0.890203946530987,-0.8613274
2016-05-31,BORE_OIL_VOL,-0.8881653691630392,-0.8618271
2016-06-01,BORE_OIL_VOL,-0.8882527367645228,-0.8605027
2016-06-02,BORE_OIL_VOL,-0.8891089392590609,-0.8610332
2016-06-03,BORE_OIL_VOL,-0.8940306474759634,-0.86064816
2016-06-04,BORE_OIL_VOL,-0.8882876838051161,-0.8645444
2016-06-05,BORE_OIL_VOL,-0.887699408621794,-0.85996014
2016-06-06,BORE_OIL_VOL,-0.8875304979255927,-0.86094993
2016-06-07,BORE_OIL_VOL,-0.8871752030128932,-0.85946876
2016-06-08,BORE_OIL_VOL,-0.9283369923251422,-0.8587899
2016-06-09,BORE_OIL_VOL,-0.940341300768972,-0.89449394
2016-06-10,BORE_OIL_VOL,-0.8872276235737833,-0.8975694
2016-06-11,BORE_OIL_VOL,-0.8868315571137247,-0.86264783
2016-06-12,BORE_OIL_VOL,-0.892079437709499,-0.87883747
2016-06-13,BORE_OIL_VOL,-0.8871577294925965,-0.86127186
2016-06-14,BORE_OIL_VOL,-0.8867791365528348,-0.8459955
2016-06-15,BORE_OIL_VOL,-0.8874897263782338,-0.85221195
2016-06-16,BORE_OIL_VOL,-0.886616050363399,-0.8595283
2016-06-17,BORE_OIL_VOL,-0.888008107480369,-0.8580874
2016-06-18,BORE_OIL_VOL,-0.8878566703044642,-0.858792
2016-06-19,BORE_OIL_VOL,-0.8877518291826841,-0.8590664
2016-06-20,BORE_OIL_VOL,-0.887513024405296,-0.8592572
2016-06-21,BORE_OIL_VOL,-0.8878450212909331,-0.85943353
2016-06-22,BORE_OIL_VOL,-0.8880896505750869,-0.85929245
2016-06-23,BORE_OIL_VOL,-0.8880255810006656,-0.8594086
2016-06-24,BORE_OIL_VOL,-0.8878916173450576,-0.858983
2016-06-25,BORE_OIL_VOL,-0.8887361708260646,-0.85974026
2016-06-26,BORE_OIL_VOL,-0.8884507699945519,-0.8595997
2016-06-27,BORE_OIL_VOL,-0.8899709662603644,-0.85978264
2016-06-28,BORE_OIL_VOL,-0.8891380617928887,-0.8610295
2016-06-29,BORE_OIL_VOL,-0.8890273961643429,-0.86056507
2016-06-30,BORE_OIL_VOL,-0.8899651417535989,-0.8605977
2016-07-01,BORE_OIL_VOL,-0.8884798925283798,-0.8610522
2016-07-02,BORE_OIL_VOL,-0.8898544761250532,-0.8604238
2016-07-03,BORE_OIL_VOL,-0.8889516775763906,-0.86079836
2016-07-04,BORE_OIL_VOL,-0.8907863972075435,-0.8607606
2016-07-05,BORE_OIL_VOL,-0.8895166547326504,-0.8613088
2016-07-06,BORE_OIL_VOL,-0.8934481967994069,-0.8612312
2016-07-07,BORE_OIL_VOL,-0.890203946530987,-0.86292636
2016-07-08,BORE_OIL_VOL,-0.8906699070722324,-0.8612473
2016-07-09,BORE_OIL_VOL,-0.8939083328338865,-0.8619068
2016-07-10,BORE_OIL_VOL,-0.8863830700927763,-0.8716137
2016-07-11,BORE_OIL_VOL,-0.8912814802826167,-0.85142106
2016-07-12,BORE_OIL_VOL,-0.8859287585650623,-0.86902887
2016-07-13,BORE_OIL_VOL,-0.9344177773883923,-0.858497
2016-07-14,BORE_OIL_VOL,-0.9685901585819632,-0.902269
2016-07-15,BORE_OIL_VOL,-0.9740651949415944,-0.9218328
2016-07-16,BORE_OIL_VOL,-0.8892603764349655,-0.9397654
2016-07-17,BORE_OIL_VOL,-0.9493925842826604,-0.87930036
2016-07-18,BORE_OIL_VOL,-0.923089111729368,-0.947926
2016-07-19,BORE_OIL_VOL,-0.9126457710987096,-0.8678895
2016-07-20,BORE_OIL_VOL,-0.9117022010026881,-0.87549496
2016-07-21,BORE_OIL_VOL,-0.9134437285255921,-0.8862294
2016-07-22,BORE_OIL_VOL,-0.9179285987350773,-0.8788141
2016-07-23,BORE_OIL_VOL,-0.9170549227202425,-0.87534183
2016-07-24,BORE_OIL_VOL,-0.9149522757778734,-0.88494503
2016-07-25,BORE_OIL_VOL,-0.9185925925063516,-0.88839996
2016-07-26,BORE_OIL_VOL,-0.9209981138005301,-0.8929974
2016-07-27,BORE_OIL_VOL,-0.9225299590798737,-0.8920762
2016-07-28,BORE_OIL_VOL,-0.9215223194094311,-0.89286023
2016-07-29,BORE_OIL_VOL,-0.9206195208607684,-0.8949437
2016-07-30,BORE_OIL_VOL,-0.919192516703205,-0.89302623
2016-07-31,BORE_OIL_VOL,-0.9195944076700289,-0.8890169
2016-08-01,BORE_OIL_VOL,-0.9171306413081948,-0.88995075
2016-08-02,BORE_OIL_VOL,-0.9208117295840321,-0.8889144
2016-08-03,BORE_OIL_VOL,-0.924708324610195,-0.8920466
2016-08-04,BORE_OIL_VOL,-0.927241985053216,-0.8864573
2016-08-05,BORE_OIL_VOL,-0.9255179310506088,-0.89962757
2016-08-06,BORE_OIL_VOL,-0.9273060546276372,-0.89476144
2016-08-07,BORE_OIL_VOL,-0.926572166775176,-0.8965104
2016-08-08,BORE_OIL_VOL,-0.9267643754984397,-0.8983594
2016-08-09,BORE_OIL_VOL,-0.9320180806009795,-0.9031197
2016-08-10,BORE_OIL_VOL,-0.92764387602004,-0.9051697
2016-08-11,BORE_OIL_VOL,-0.9263100639707255,-0.8992
2016-08-12,BORE_OIL_VOL,-0.9353788210047106,-0.90015864
2016-08-13,BORE_OIL_VOL,-0.9964429499348958,-0.9046072
2016-08-14,BORE_OIL_VOL,-0.9964429499348958,-0.96923804
2016-08-15,BORE_OIL_VOL,-0.9964429499348958,-0.950775
2016-08-16,BORE_OIL_VOL,-0.9964429499348958,-0.9764225
2016-08-17,BORE_OIL_VOL,-0.9964429499348958,-0.98396915
2016-08-18,BORE_OIL_VOL,-0.9964429499348958,-0.96833086
2016-08-19,BORE_OIL_VOL,-0.9964429499348958,-0.9617605
2016-08-20,BORE_OIL_VOL,-0.9964429499348958,-0.9617605
2016-08-21,BORE_OIL_VOL,-0.9964429499348958,-0.9617605
2016-08-22,BORE_OIL_VOL,-0.9964429499348958,-0.9617605
2016-08-23,BORE_OIL_VOL,-0.9964429499348958,-0.9617605
2016-08-24,BORE_OIL_VOL,-0.9964429499348958,-0.9617605
2016-08-25,BORE_OIL_VOL,-0.9964429499348958,-0.9617605
2016-08-26,BORE_OIL_VOL,-0.9964429499348958,-0.9617605
2016-08-27,BORE_OIL_VOL,-0.9964429499348958,-0.9617605
2016-08-28,BORE_OIL_VOL,-0.9964429499348958,-0.9617605
2016-08-29,BORE_OIL_VOL,-0.9964429499348958,-0.9617605
2016-08-30,BORE_OIL_VOL,-0.9964429499348958,-0.9617605
2016-08-31,BORE_OIL_VOL,-0.9964429499348958,-0.9617605
2016-09-01,BORE_OIL_VOL,-0.9964429499348958,-0.9617605
2016-09-02,BORE_OIL_VOL,-0.9964429499348958,-0.9617605
2016-09-03,BORE_OIL_VOL,-0.9964429499348958,-0.9617605
2016-09-04,BORE_OIL_VOL,-0.9964429499348958,-0.9617605
2016-09-05,BORE_OIL_VOL,-0.9964429499348958,-0.9617605
2016-09-06,BORE_OIL_VOL,-0.9964429499348958,-0.9617605
2016-09-07,BORE_OIL_VOL,-0.9964429499348958,-0.9617605
2016-09-08,BORE_OIL_VOL,-0.9964429499348958,-0.9617605
2016-09-09,BORE_OIL_VOL,-0.9964429499348958,-0.9617605
2016-09-10,BORE_OIL_VOL,-0.9964429499348958,-0.9617605
2016-09-11,BORE_OIL_VOL,-0.9964429499348958,-0.9617605
2016-09-12,BORE_OIL_VOL,-0.9964429499348958,-0.9617605
2016-09-13,BORE_OIL_VOL,-0.9964429499348958,-0.9617605
2016-09-14,BORE_OIL_VOL,-0.9964429499348958,-0.9617605
2016-09-15,BORE_OIL_VOL,-0.9964429499348958,-0.9617605
2016-09-16,BORE_OIL_VOL,-0.9964429499348958,-0.9617605
2016-09-17,BORE_OIL_VOL,-0.9964429499348958,-0.9617605
2015-06-17,BORE_GAS_VOL,-0.6209574752385943,-0.5789148
2015-06-18,BORE_GAS_VOL,-0.6233475823423773,-0.57836866
2015-06-19,BORE_GAS_VOL,-0.6215829519617352,-0.5826064
2015-06-20,BORE_GAS_VOL,-0.6114584521666916,-0.583121
2015-06-21,BORE_GAS_VOL,-0.6121716036780832,-0.5733175
2015-06-22,BORE_GAS_VOL,-0.606393686670824,-0.5728699
2015-06-23,BORE_GAS_VOL,-0.6114016243876657,-0.56611866
2015-06-24,BORE_GAS_VOL,-0.6120548139319281,-0.56644005
2015-06-25,BORE_GAS_VOL,-0.6131548727167756,-0.5660952
2015-06-26,BORE_GAS_VOL,-0.6243696988178205,-0.5680215
2015-06-27,BORE_GAS_VOL,-0.6197573698703526,-0.57694846
2015-06-28,BORE_GAS_VOL,-0.5959005898591369,-0.57499117
2015-06-29,BORE_GAS_VOL,-0.603982547515297,-0.56012803
2015-06-30,BORE_GAS_VOL,-0.6032389613878523,-0.56723505
2015-07-01,BORE_GAS_VOL,-0.6206416233085794,-0.56306404
2015-07-02,BORE_GAS_VOL,-0.584359684477425,-0.5697383
2015-07-03,BORE_GAS_VOL,-0.5871825569753296,-0.55326384
2015-07-04,BORE_GAS_VOL,-0.595078277875262,-0.5554913
2015-07-05,BORE_GAS_VOL,-0.5969221702234572,-0.55356103
2015-07-06,BORE_GAS_VOL,-0.6011456536495633,-0.5574876
2015-07-07,BORE_GAS_VOL,-0.6051129584375634,-0.5590568
2015-07-08,BORE_GAS_VOL,-0.6078590433269435,-0.56310993
2015-07-09,BORE_GAS_VOL,-0.6124185447091485,-0.57251483
2015-07-10,BORE_GAS_VOL,-0.6161723947916052,-0.5740635
2015-07-11,BORE_GAS_VOL,-0.6183562640703452,-0.57468146
2015-07-12,BORE_GAS_VOL,-0.6242684562942291,-0.58115715
2015-07-13,BORE_GAS_VOL,-0.6555696753578577,-0.58391756
2015-07-14,BORE_GAS_VOL,-0.6615302413007529,-0.5998464
2015-07-15,BORE_GAS_VOL,-0.6656391619038297,-0.61019844
2015-07-16,BORE_GAS_VOL,-0.6700617899924297,-0.62018824
2015-07-17,BORE_GAS_VOL,-0.6725498404744326,-0.6246565
2015-07-18,BORE_GAS_VOL,-0.669062561338002,-0.62876576
2015-07-19,BORE_GAS_VOL,-0.6729409129189202,-0.62119776
2015-07-20,BORE_GAS_VOL,-0.6767644574473524,-0.62450486
2015-07-21,BORE_GAS_VOL,-0.6725645629106533,-0.62688094
2015-07-22,BORE_GAS_VOL,-0.6646334174372931,-0.6235675
2015-07-23,BORE_GAS_VOL,-0.6668054097926952,-0.62151134
2015-07-24,BORE_GAS_VOL,-0.6716057075477109,-0.6221491
2015-07-25,BORE_GAS_VOL,-0.6751196685223342,-0.6229474
2015-07-26,BORE_GAS_VOL,-0.6805837130868014,-0.626051
2015-07-27,BORE_GAS_VOL,-0.6833196118648467,-0.6308859
2015-07-28,BORE_GAS_VOL,-0.6871354858802897,-0.6345962
2015-07-29,BORE_GAS_VOL,-0.6814082519938021,-0.63982195
2015-07-30,BORE_GAS_VOL,-0.6898227222641037,-0.62556
2015-07-31,BORE_GAS_VOL,-0.6969847132333893,-0.64603394
2015-08-01,BORE_GAS_VOL,-0.6990924547326792,-0.6441672
2015-08-02,BORE_GAS_VOL,-0.7005398310465235,-0.6469585
2015-08-03,BORE_GAS_VOL,-0.7009443062690834,-0.65502447
2015-08-04,BORE_GAS_VOL,-0.6987247237416957,-0.6528264
2015-08-05,BORE_GAS_VOL,-0.7052138540124406,-0.65085906
2015-08-06,BORE_GAS_VOL,-0.7069014493486554,-0.65375346
2015-08-07,BORE_GAS_VOL,-0.7019338024446649,-0.65528536
2015-08-08,BORE_GAS_VOL,-0.702790301822453,-0.65398675
2015-08-09,BORE_GAS_VOL,-0.7040548230040754,-0.65476245
2015-08-10,BORE_GAS_VOL,-0.7058269589404379,-0.65482205
2015-08-11,BORE_GAS_VOL,-0.7069585658029016,-0.65580976
2015-08-12,BORE_GAS_VOL,-0.7084034265183999,-0.6607922
2015-08-13,BORE_GAS_VOL,-0.7086085096425628,-0.65661496
2015-08-14,BORE_GAS_VOL,-0.7087667449024488,-0.65968716
2015-08-15,BORE_GAS_VOL,-0.7122654473297285,-0.65972507
2015-08-16,BORE_GAS_VOL,-0.7167609865310413,-0.6591975
2015-08-17,BORE_GAS_VOL,-0.7181490194675136,-0.66525406
2015-08-18,BORE_GAS_VOL,-0.7182417666917731,-0.6667989
2015-08-19,BORE_GAS_VOL,-0.7146770813570613,-0.6704276
2015-08-20,BORE_GAS_VOL,-0.7163063230595157,-0.6591384
2015-08-21,BORE_GAS_VOL,-0.717985794250253,-0.6659928
2015-08-22,BORE_GAS_VOL,-0.7208935372628423,-0.66651756
2015-08-23,BORE_GAS_VOL,-0.7295092554008126,-0.6664421
2015-08-24,BORE_GAS_VOL,-0.7282364038771266,-0.6750718
2015-08-25,BORE_GAS_VOL,-0.7299360410939479,-0.6768847
2015-08-26,BORE_GAS_VOL,-0.8237001031962974,-0.6781612
2015-08-27,BORE_GAS_VOL,-1.0265714390628105,-0.75256115
2015-08-28,BORE_GAS_VOL,-1.0265714390628105,-0.91246516
2015-08-29,BORE_GAS_VOL,-1.0265714390628105,-0.93898165
2015-08-30,BORE_GAS_VOL,-1.0265714390628105,-0.99117786
2015-08-31,BORE_GAS_VOL,-0.6698213235341562,-0.9828787
2015-09-01,BORE_GAS_VOL,-0.7151056815801511,-0.6036808
2015-09-02,BORE_GAS_VOL,-0.7462372833323616,-0.68822056
2015-09-03,BORE_GAS_VOL,-0.7463054931629198,-0.63468105
2015-09-04,BORE_GAS_VOL,-0.7619860011996643,-0.6054421
2015-09-05,BORE_GAS_VOL,-0.7584691534728408,-0.67881197
2015-09-06,BORE_GAS_VOL,-0.7692743494366827,-0.6993007
2015-09-07,BORE_GAS_VOL,-0.7717001697891134,-0.71544063
2015-09-08,BORE_GAS_VOL,-0.7734669033749298,-0.707863
2015-09-09,BORE_GAS_VOL,-0.7740923800980708,-0.71337956
2015-09-10,BORE_GAS_VOL,-0.7748802984914465,-0.71613866
2015-09-11,BORE_GAS_VOL,-0.772406516813176,-0.7121781
2015-09-12,BORE_GAS_VOL,-0.772691150580112,-0.7125612
2015-09-13,BORE_GAS_VOL,-0.7753349207236548,-0.71318823
2015-09-14,BORE_GAS_VOL,-0.778637200283372,-0.7140362
2015-09-15,BORE_GAS_VOL,-0.7730092294332528,-0.71789867
2015-09-16,BORE_GAS_VOL,-0.7717081289773224,-0.7148258
2015-09-17,BORE_GAS_VOL,-0.7724122078389419,-0.71453077
2015-09-18,BORE_GAS_VOL,-0.766166224582085,-0.71346647
2015-09-19,BORE_GAS_VOL,-0.7743598583090744,-0.7141557
2015-09-20,BORE_GAS_VOL,-0.77794009086635,-0.71768194
2015-09-21,BORE_GAS_VOL,-0.762577331768209,-0.7249855
2015-09-22,BORE_GAS_VOL,-0.8005031934987216,-0.7129594
2015-09-23,BORE_GAS_VOL,-0.7610610445554151,-0.7488931
2015-09-24,BORE_GAS_VOL,-0.7615911347379992,-0.69886297
2015-09-25,BORE_GAS_VOL,-0.7601584396210587,-0.708998
2015-09-26,BORE_GAS_VOL,-0.7621198227838004,-0.7015223
2015-09-27,BORE_GAS_VOL,-0.7621236168009778,-0.6942261
2015-09-28,BORE_GAS_VOL,-0.7647062702765115,-0.70090544
2015-09-29,BORE_GAS_VOL,-0.764955232034117,-0.70705837
2015-09-30,BORE_GAS_VOL,-0.7849800959355202,-0.7112917
2015-10-01,BORE_GAS_VOL,-0.7807128988332401,-0.7245769
2015-10-02,BORE_GAS_VOL,-0.771033082594973,-0.7207035
2015-10-03,BORE_GAS_VOL,-0.7725143576275106,-0.7167809
2015-10-04,BORE_GAS_VOL,-0.775507960898396,-0.7132986
2015-10-05,BORE_GAS_VOL,-0.775161385677108,-0.7140733
2015-10-06,BORE_GAS_VOL,-0.7759535929594668,-0.7124041
2015-10-07,BORE_GAS_VOL,-0.7769089017411349,-0.7152504
2015-10-08,BORE_GAS_VOL,-0.7786409530612323,-0.71820664
2015-10-09,BORE_GAS_VOL,-0.7770968293093655,-0.719181
2015-10-10,BORE_GAS_VOL,-0.777370864571795,-0.71679527
2015-10-11,BORE_GAS_VOL,-0.7767332634894136,-0.71736664
2015-10-12,BORE_GAS_VOL,-0.7777847835979812,-0.7166441
2015-10-13,BORE_GAS_VOL,-0.8058643872062287,-0.71696645
2015-10-14,BORE_GAS_VOL,-0.786301527374803,-0.73751706
2015-10-15,BORE_GAS_VOL,-0.783444714918888,-0.72360873
2015-10-16,BORE_GAS_VOL,-0.779536547311674,-0.72870654
2015-10-17,BORE_GAS_VOL,-0.7834313946194502,-0.71760905
2015-10-18,BORE_GAS_VOL,-0.7846085296880421,-0.7213525
2015-10-19,BORE_GAS_VOL,-0.7900027148492653,-0.7198639
2015-10-20,BORE_GAS_VOL,-0.7898646868547805,-0.72635216
2015-10-21,BORE_GAS_VOL,-0.7915108779165816,-0.7312261
2015-10-22,BORE_GAS_VOL,-0.7921883986579596,-0.7305545
2015-10-23,BORE_GAS_VOL,-0.7936472807412874,-0.73591155
2015-10-24,BORE_GAS_VOL,-0.7949327514960197,-0.73276585
2015-10-25,BORE_GAS_VOL,-0.7849915604656865,-0.7277642
2015-10-26,BORE_GAS_VOL,-0.7946940170890664,-0.72440296
2015-10-27,BORE_GAS_VOL,-0.7953993331302003,-0.73059416
2015-10-28,BORE_GAS_VOL,-0.7799548377054775,-0.72869617
2015-10-29,BORE_GAS_VOL,-0.8257425216172293,-0.7189017
2015-10-30,BORE_GAS_VOL,-0.7905490533228047,-0.7574071
2015-10-31,BORE_GAS_VOL,-0.7505976812913897,-0.72305006
2015-11-01,BORE_GAS_VOL,-0.7521905086768049,-0.69922715
2015-11-02,BORE_GAS_VOL,-0.7658416299168354,-0.7003755
2015-11-03,BORE_GAS_VOL,-0.7856596786427554,-0.70872134
2015-11-04,BORE_GAS_VOL,-0.7826667352009443,-0.7117272
2015-11-05,BORE_GAS_VOL,-0.7822426713027405,-0.7218875
2015-11-06,BORE_GAS_VOL,-0.7972483803930386,-0.72607964
2015-11-07,BORE_GAS_VOL,-0.7997386577981671,-0.72953874
2015-11-08,BORE_GAS_VOL,-0.8058056211792968,-0.73350376
2015-11-09,BORE_GAS_VOL,-0.8225689912056394,-0.7381771
2015-11-10,BORE_GAS_VOL,-0.8233061027602924,-0.75261176
2015-11-11,BORE_GAS_VOL,-0.816315502393062,-0.7552373
2015-11-12,BORE_GAS_VOL,-0.7789199782810365,-0.75038034
2015-11-13,BORE_GAS_VOL,-0.7801222693330869,-0.72737944
2015-11-14,BORE_GAS_VOL,-0.7744599461317858,-0.7233767
2015-11-15,BORE_GAS_VOL,-0.7770895299502307,-0.7100037
2015-11-16,BORE_GAS_VOL,-0.7771022728992285,-0.7060727
2015-11-17,BORE_GAS_VOL,-0.7784320759198918,-0.713383
2015-11-18,BORE_GAS_VOL,-0.7745930254082132,-0.71721286
2015-11-19,BORE_GAS_VOL,-0.7675494325184514,-0.7150298
2015-11-20,BORE_GAS_VOL,-0.778897131699338,-0.71358675
2015-11-21,BORE_GAS_VOL,-0.7728783770799511,-0.71881014
2015-11-22,BORE_GAS_VOL,-0.7807370650730873,-0.71448976
2015-11-23,BORE_GAS_VOL,-0.7817253653084714,-0.71833855
2015-11-24,BORE_GAS_VOL,-0.7849139480708193,-0.71969587
2015-11-25,BORE_GAS_VOL,-0.7868512474723481,-0.7265723
2015-11-26,BORE_GAS_VOL,-0.7878143504849566,-0.7263694
2015-11-27,BORE_GAS_VOL,-0.7914815980014086,-0.72826153
2015-11-28,BORE_GAS_VOL,-0.7900430056621162,-0.7324097
2015-11-29,BORE_GAS_VOL,-0.7938846542507751,-0.73093575
2015-11-30,BORE_GAS_VOL,-0.7961467957534566,-0.73292464
2015-12-01,BORE_GAS_VOL,-0.7982065346875895,-0.73605394
2015-12-02,BORE_GAS_VOL,-0.8008941422252578,-0.73819333
2015-12-03,BORE_GAS_VOL,-0.7992959537286137,-0.7396495
2015-12-04,BORE_GAS_VOL,-0.7932295264586068,-0.7393231
2015-12-05,BORE_GAS_VOL,-0.7906036541787049,-0.7338545
2015-12-06,BORE_GAS_VOL,-0.7944960683667696,-0.7285482
2015-12-07,BORE_GAS_VOL,-0.7917169507843561,-0.72874916
2015-12-08,BORE_GAS_VOL,-0.7928524341426313,-0.72561496
2015-12-09,BORE_GAS_VOL,-0.9266067981917808,-0.72751075
2015-12-10,BORE_GAS_VOL,-0.7698168938930446,-0.84414446
2015-12-11,BORE_GAS_VOL,-0.7849184843957052,-0.6890484
2015-12-12,BORE_GAS_VOL,-0.7902927097274303,-0.7514277
2015-12-13,BORE_GAS_VOL,-0.7945343796923973,-0.72915226
2015-12-14,BORE_GAS_VOL,-0.7958768019441071,-0.704557
2015-12-15,BORE_GAS_VOL,-0.7977300556172942,-0.7280866
2015-12-16,BORE_GAS_VOL,-0.7994135682611118,-0.7362648
2015-12-17,BORE_GAS_VOL,-0.7989061597029574,-0.73689806
2015-12-18,BORE_GAS_VOL,-0.8012616670196556,-0.73529994
2015-12-19,BORE_GAS_VOL,-0.8033289527488261,-0.73686486
2015-12-20,BORE_GAS_VOL,-0.8054805316422414,-0.7406369
2015-12-21,BORE_GAS_VOL,-0.8073908192910403,-0.74222356
2015-12-22,BORE_GAS_VOL,-0.8094128242499854,-0.7443161
2015-12-23,BORE_GAS_VOL,-0.8090137926172887,-0.74670255
2015-12-24,BORE_GAS_VOL,-0.8098981285341498,-0.74567026
2015-12-25,BORE_GAS_VOL,-0.812014159136186,-0.7475228
2015-12-26,BORE_GAS_VOL,-0.8125991800892074,-0.74864215
2015-12-27,BORE_GAS_VOL,-0.8138134717825471,-0.7489391
2015-12-28,BORE_GAS_VOL,-0.8151539557863511,-0.7523876
2015-12-29,BORE_GAS_VOL,-0.8155702666929316,-0.7512931
2015-12-30,BORE_GAS_VOL,-0.8161836190568318,-0.7529445
2015-12-31,BORE_GAS_VOL,-0.8173587333988837,-0.75360614
2016-01-01,BORE_GAS_VOL,-0.8191570975409505,-0.75336707
2016-01-02,BORE_GAS_VOL,-0.8217595871280311,-0.7553174
2016-01-03,BORE_GAS_VOL,-0.882615210259653,-0.75804126
2016-01-04,BORE_GAS_VOL,-0.8562764419460547,-0.8158259
2016-01-05,BORE_GAS_VOL,-0.8111380298434366,-0.7786611
2016-01-06,BORE_GAS_VOL,-0.8124243253845119,-0.76110846
2016-01-07,BORE_GAS_VOL,-0.8126695756035742,-0.7530878
2016-01-08,BORE_GAS_VOL,-0.8134715978434136,-0.73867685
2016-01-09,BORE_GAS_VOL,-0.8126300683377491,-0.73752683
2016-01-10,BORE_GAS_VOL,-0.8117241642580211,-0.74346024
2016-01-11,BORE_GAS_VOL,-0.8103639266213046,-0.74832463
2016-01-12,BORE_GAS_VOL,-0.8097478112231558,-0.7441287
2016-01-13,BORE_GAS_VOL,-0.8326660256154643,-0.7425268
2016-01-14,BORE_GAS_VOL,-0.8147926581288423,-0.7588613
2016-01-15,BORE_GAS_VOL,-0.8128941649247469,-0.74464536
2016-01-16,BORE_GAS_VOL,-0.8147649453077206,-0.744186
2016-01-17,BORE_GAS_VOL,-0.8170046938611922,-0.7489225
2016-01-18,BORE_GAS_VOL,-0.8178918340516192,-0.74929476
2016-01-19,BORE_GAS_VOL,-0.8247440765098275,-0.7459015
2016-01-20,BORE_GAS_VOL,-0.8498471086851704,-0.7555068
2016-01-21,BORE_GAS_VOL,-0.8319691636343451,-0.7789192
2016-01-22,BORE_GAS_VOL,-0.837903831286073,-0.7591598
2016-01-23,BORE_GAS_VOL,-0.8346561938215734,-0.77996415
2016-01-24,BORE_GAS_VOL,-0.8332843266974219,-0.7691971
2016-01-25,BORE_GAS_VOL,-0.8600601905334418,-0.76652426
2016-01-26,BORE_GAS_VOL,-0.8487339357974706,-0.79041487
2016-01-27,BORE_GAS_VOL,-0.830575522150741,-0.78005964
2016-01-28,BORE_GAS_VOL,-0.8370919940887532,-0.767222
2016-01-29,BORE_GAS_VOL,-0.8373820714455523,-0.77411073
2016-01-30,BORE_GAS_VOL,-0.83860939476311,-0.76603884
2016-01-31,BORE_GAS_VOL,-0.8411757999476885,-0.7665469
2016-02-01,BORE_GAS_VOL,-0.8419087463313097,-0.7724258
2016-02-02,BORE_GAS_VOL,-0.842973751696584,-0.77418286
2016-02-03,BORE_GAS_VOL,-0.8443021938197816,-0.77536124
2016-02-04,BORE_GAS_VOL,-0.8682377409267446,-0.777465
2016-02-05,BORE_GAS_VOL,-0.8388697385722474,-0.80086255
2016-02-06,BORE_GAS_VOL,-0.8452250884981733,-0.76879865
2016-02-07,BORE_GAS_VOL,-0.845154528026538,-0.782957
2016-02-08,BORE_GAS_VOL,-0.8452180778142587,-0.77704275
2016-02-09,BORE_GAS_VOL,-0.8433912173040444,-0.77274686
2016-02-10,BORE_GAS_VOL,-0.8508924016568491,-0.77548665
2016-02-11,BORE_GAS_VOL,-0.8477892667596262,-0.78219193
2016-02-12,BORE_GAS_VOL,-0.858397338787514,-0.7809454
2016-02-13,BORE_GAS_VOL,-0.8627237967885316,-0.78726465
2016-02-14,BORE_GAS_VOL,-0.8582685484000697,-0.79161096
2016-02-15,BORE_GAS_VOL,-0.8596211980024314,-0.79262906
2016-02-16,BORE_GAS_VOL,-0.8606577894781926,-0.7924817
2016-02-17,BORE_GAS_VOL,-0.8619913865160332,-0.79365355
2016-02-18,BORE_GAS_VOL,-0.8636933743739318,-0.794324
2016-02-19,BORE_GAS_VOL,-0.8691023644500103,-0.79489267
2016-02-20,BORE_GAS_VOL,-0.8657348855298866,-0.7975421
2016-02-21,BORE_GAS_VOL,-0.8699264084852051,-0.7952035
2016-02-22,BORE_GAS_VOL,-0.865444973130356,-0.79866964
2016-02-23,BORE_GAS_VOL,-0.8660886776316751,-0.7933096
2016-02-24,BORE_GAS_VOL,-0.8673415693258627,-0.7947367
2016-02-25,BORE_GAS_VOL,-0.8648184654242865,-0.7935966
2016-02-26,BORE_GAS_VOL,-0.847211462687105,-0.7912497
2016-02-27,BORE_GAS_VOL,-0.8479183458222905,-0.77925193
2016-02-28,BORE_GAS_VOL,-0.8474880547871978,-0.7784944
2016-02-29,BORE_GAS_VOL,-0.8485781748966134,-0.77459544
2016-03-01,BORE_GAS_VOL,-0.8493486490588367,-0.7696144
2016-03-02,BORE_GAS_VOL,-0.8515893461166026,-0.7770813
2016-03-03,BORE_GAS_VOL,-0.8522777540377071,-0.77746797
2016-03-04,BORE_GAS_VOL,-0.8538400230891178,-0.77904904
2016-03-05,BORE_GAS_VOL,-0.8556098908630373,-0.7838219
2016-03-06,BORE_GAS_VOL,-0.8565473842596986,-0.7831556
2016-03-07,BORE_GAS_VOL,-0.8577000644132234,-0.7846494
2016-03-08,BORE_GAS_VOL,-0.8589029328157138,-0.78604347
2016-03-09,BORE_GAS_VOL,-0.8607672798652131,-0.78720176
2016-03-10,BORE_GAS_VOL,-0.862424770499912,-0.7889825
2016-03-11,BORE_GAS_VOL,-0.8634436290693006,-0.790308
2016-03-12,BORE_GAS_VOL,-0.8637581201018498,-0.79182225
2016-03-13,BORE_GAS_VOL,-0.8668464088449006,-0.7873538
2016-03-14,BORE_GAS_VOL,-0.8648371468349533,-0.7966898
2016-03-15,BORE_GAS_VOL,-0.8657833417275322,-0.7905655
2016-03-16,BORE_GAS_VOL,-0.86272078631838,-0.7930143
2016-03-17,BORE_GAS_VOL,-0.8717420519011558,-0.7931026
2016-03-18,BORE_GAS_VOL,-0.8715294632212726,-0.8008838
2016-03-19,BORE_GAS_VOL,-0.8720700694297285,-0.79526806
2016-03-20,BORE_GAS_VOL,-0.8728606683787188,-0.7993441
2016-03-21,BORE_GAS_VOL,-0.8735921713862399,-0.7998888
2016-03-22,BORE_GAS_VOL,-0.8800784561441017,-0.79940903
2016-03-23,BORE_GAS_VOL,-0.8820481696489068,-0.8049347
2016-03-24,BORE_GAS_VOL,-0.8795959973728202,-0.80670136
2016-03-25,BORE_GAS_VOL,-0.8780493167832905,-0.80677825
2016-03-26,BORE_GAS_VOL,-0.8797114674608267,-0.8057241
2016-03-27,BORE_GAS_VOL,-0.8853416239947548,-0.80724055
2016-03-28,BORE_GAS_VOL,-0.8821443397364893,-0.81367034
2016-03-29,BORE_GAS_VOL,-0.882643912824386,-0.80749816
2016-03-30,BORE_GAS_VOL,-0.8859928752911114,-0.8103352
2016-03-31,BORE_GAS_VOL,-0.8893724373311586,-0.81158644
2016-04-01,BORE_GAS_VOL,-0.8921188521350758,-0.8129914
2016-04-02,BORE_GAS_VOL,-0.8924787476558019,-0.81673235
2016-04-03,BORE_GAS_VOL,-0.8924497151765316,-0.8184809
2016-04-04,BORE_GAS_VOL,-0.893249469253928,-0.81909376
2016-04-05,BORE_GAS_VOL,-0.8926296423172361,-0.81457835
2016-04-06,BORE_GAS_VOL,-0.9105812407884826,-0.8196822
2016-04-07,BORE_GAS_VOL,-0.895674794734553,-0.8386372
2016-04-08,BORE_GAS_VOL,-0.874959708382091,-0.8129644
2016-04-09,BORE_GAS_VOL,-0.8789108885970875,-0.81558436
2016-04-10,BORE_GAS_VOL,-0.8812103929211026,-0.80968726
2016-04-11,BORE_GAS_VOL,-0.8815572568176105,-0.80274504
2016-04-12,BORE_GAS_VOL,-0.8862497962369259,-0.8083046
2016-04-13,BORE_GAS_VOL,-0.8870255490317438,-0.81080854
2016-04-14,BORE_GAS_VOL,-0.8881152155086708,-0.81426984
2016-04-15,BORE_GAS_VOL,-0.8894542973756918,-0.81489784
2016-04-16,BORE_GAS_VOL,-0.8572152962401819,-0.81641626
2016-04-17,BORE_GAS_VOL,-0.8576593612072011,-0.7968113
2016-04-18,BORE_GAS_VOL,-0.8885249281245081,-0.7924649
2016-04-19,BORE_GAS_VOL,-0.8748529397900022,-0.80267465
2016-04-20,BORE_GAS_VOL,-0.8731453433849719,-0.80000025
2016-04-21,BORE_GAS_VOL,-0.8908692183469428,-0.8026254
2016-04-22,BORE_GAS_VOL,-0.9032215897721202,-0.8133425
2016-04-23,BORE_GAS_VOL,-0.8890743595468332,-0.8216967
2016-04-24,BORE_GAS_VOL,-0.891968328627496,-0.81514895
2016-04-25,BORE_GAS_VOL,-0.8894746283590443,-0.8182947
2016-04-26,BORE_GAS_VOL,-0.8868947379177593,-0.81930655
2016-04-27,BORE_GAS_VOL,-0.8878861723412464,-0.81596226
2016-04-28,BORE_GAS_VOL,-0.8898285441787842,-0.8159856
2016-04-29,BORE_GAS_VOL,-0.8967332842877181,-0.8183026
2016-04-30,BORE_GAS_VOL,-0.8971964842978928,-0.8207945
2016-05-01,BORE_GAS_VOL,-0.8976028152897243,-0.82309693
2016-05-02,BORE_GAS_VOL,-0.8927988884747999,-0.82550895
2016-05-03,BORE_GAS_VOL,-0.8937816626416866,-0.8219631
2016-05-04,BORE_GAS_VOL,-0.8956003577671059,-0.82186097
2016-05-05,BORE_GAS_VOL,-0.8960326282894217,-0.8211233
2016-05-06,BORE_GAS_VOL,-0.8961823682499758,-0.8207856
2016-05-07,BORE_GAS_VOL,-0.8956563607597892,-0.82191736
2016-05-08,BORE_GAS_VOL,-0.8966833847139726,-0.82241696
2016-05-09,BORE_GAS_VOL,-0.8980034964951068,-0.82330006
2016-05-10,BORE_GAS_VOL,-0.899450295458511,-0.8236193
2016-05-11,BORE_GAS_VOL,-0.8995740546492637,-0.80227864
2016-05-12,BORE_GAS_VOL,-0.9003561582989219,-0.8386648
2016-05-13,BORE_GAS_VOL,-0.9013101886617584,-0.82390296
2016-05-14,BORE_GAS_VOL,-0.9022123812029434,-0.8270057
2016-05-15,BORE_GAS_VOL,-0.9292122570096959,-0.83947843
2016-05-16,BORE_GAS_VOL,-0.9357720302307105,-0.8605432
2016-05-17,BORE_GAS_VOL,-0.9024856329183474,-0.83944434
2016-05-18,BORE_GAS_VOL,-0.9027413579239646,-0.84260064
2016-05-19,BORE_GAS_VOL,-0.9035736910619058,-0.8365411
2016-05-20,BORE_GAS_VOL,-0.9053445485794367,-0.8233467
2016-05-21,BORE_GAS_VOL,-0.907320283024545,-0.83191603
2016-05-22,BORE_GAS_VOL,-0.9063296321480835,-0.82965857
2016-05-23,BORE_GAS_VOL,-0.9057327755110414,-0.83107316
2016-05-24,BORE_GAS_VOL,-0.9049666314771183,-0.8312862
2016-05-25,BORE_GAS_VOL,-0.9049322791259364,-0.8305804
2016-05-26,BORE_GAS_VOL,-0.9048697603211442,-0.83079183
2016-05-27,BORE_GAS_VOL,-0.9056969797837594,-0.83061206
2016-05-28,BORE_GAS_VOL,-0.9052016955848459,-0.83132297
2016-05-29,BORE_GAS_VOL,-0.9056396571329275,-0.83051324
2016-05-30,BORE_GAS_VOL,-0.9072765281090539,-0.831068
2016-05-31,BORE_GAS_VOL,-0.9046179530506558,-0.8324746
2016-06-01,BORE_GAS_VOL,-0.9062126774446598,-0.8310129
2016-06-02,BORE_GAS_VOL,-0.9053304447329731,-0.8323664
2016-06-03,BORE_GAS_VOL,-0.9101817142839801,-0.8310719
2016-06-04,BORE_GAS_VOL,-0.9007443439912095,-0.8354466
2016-06-05,BORE_GAS_VOL,-0.9009585822437787,-0.828343
2016-06-06,BORE_GAS_VOL,-0.9013536136627123,-0.82877797
2016-06-07,BORE_GAS_VOL,-0.9005640869359679,-0.82716054
2016-06-08,BORE_GAS_VOL,-0.9478634392569933,-0.8256519
2016-06-09,BORE_GAS_VOL,-0.9620551667054799,-0.88426036
2016-06-10,BORE_GAS_VOL,-0.8994608939630173,-0.8899767
2016-06-11,BORE_GAS_VOL,-0.9010239878007709,-0.82210773
2016-06-12,BORE_GAS_VOL,-0.9075468105936234,-0.84352547
2016-06-13,BORE_GAS_VOL,-0.9010398649378718,-0.8235457
2016-06-14,BORE_GAS_VOL,-0.9015442217865572,-0.80370444
2016-06-15,BORE_GAS_VOL,-0.9021197989359525,-0.82687587
2016-06-16,BORE_GAS_VOL,-0.9014534128102036,-0.8273989
2016-06-17,BORE_GAS_VOL,-0.904246139367275,-0.82471484
2016-06-18,BORE_GAS_VOL,-0.9035598758906621,-0.82869405
2016-06-19,BORE_GAS_VOL,-0.9037650002541422,-0.82855433
2016-06-20,BORE_GAS_VOL,-0.9037256167062686,-0.82889307
2016-06-21,BORE_GAS_VOL,-0.9038604692733332,-0.8293087
2016-06-22,BORE_GAS_VOL,-0.9038445096575981,-0.82878286
2016-06-23,BORE_GAS_VOL,-0.9034298895630204,-0.8286821
2016-06-24,BORE_GAS_VOL,-0.903887357308112,-0.8279039
2016-06-25,BORE_GAS_VOL,-0.9043757545410622,-0.8294018
2016-06-26,BORE_GAS_VOL,-0.9038890481201148,-0.8292776
2016-06-27,BORE_GAS_VOL,-0.9056469152527451,-0.8291201
2016-06-28,BORE_GAS_VOL,-0.9043884150114259,-0.83086354
2016-06-29,BORE_GAS_VOL,-0.9043039156505953,-0.82972133
2016-06-30,BORE_GAS_VOL,-0.9047469083953689,-0.8297367
2016-07-01,BORE_GAS_VOL,-0.9049512904511403,-0.829797
2016-07-02,BORE_GAS_VOL,-0.9049844881014422,-0.8298352
2016-07-03,BORE_GAS_VOL,-0.905681556279147,-0.8296072
2016-07-04,BORE_GAS_VOL,-0.905724733844198,-0.83053094
2016-07-05,BORE_GAS_VOL,-0.9055634468748434,-0.8305019
2016-07-06,BORE_GAS_VOL,-0.9062677731723657,-0.8307858
2016-07-07,BORE_GAS_VOL,-0.903115316051837,-0.8313112
2016-07-08,BORE_GAS_VOL,-0.9029928352799159,-0.8282901
2016-07-09,BORE_GAS_VOL,-0.9079479866708117,-0.8287062
2016-07-10,BORE_GAS_VOL,-0.8976771285392198,-0.8522006
2016-07-11,BORE_GAS_VOL,-0.9035790521731346,-0.81604534
2016-07-12,BORE_GAS_VOL,-0.8991161332716836,-0.83618426
2016-07-13,BORE_GAS_VOL,-0.9586433555194251,-0.8255124
2016-07-14,BORE_GAS_VOL,-0.9950149486260531,-0.8878939
2016-07-15,BORE_GAS_VOL,-1.0012055887193012,-0.9296459
2016-07-16,BORE_GAS_VOL,-0.9051522908829058,-0.9397602
2016-07-17,BORE_GAS_VOL,-0.9732344857544627,-0.8461049
2016-07-18,BORE_GAS_VOL,-0.9434402750572702,-0.92640835
2016-07-19,BORE_GAS_VOL,-0.9316370463791981,-0.8304735
2016-07-20,BORE_GAS_VOL,-0.9306064346044229,-0.8237152
2016-07-21,BORE_GAS_VOL,-0.9325389090058459,-0.85913795
2016-07-22,BORE_GAS_VOL,-0.937622273433746,-0.8399095
2016-07-23,BORE_GAS_VOL,-0.9366406539677393,-0.85308766
2016-07-24,BORE_GAS_VOL,-0.9342550419495251,-0.8636495
2016-07-25,BORE_GAS_VOL,-0.9383869328522518,-0.861299
2016-07-26,BORE_GAS_VOL,-0.9411269555620116,-0.87043947
2016-07-27,BORE_GAS_VOL,-0.9428407378646138,-0.8707606
2016-07-28,BORE_GAS_VOL,-0.9416950683950036,-0.8677165
2016-07-29,BORE_GAS_VOL,-0.9423301951183564,-0.8681722
2016-07-30,BORE_GAS_VOL,-0.9399014880137255,-0.8652786
2016-07-31,BORE_GAS_VOL,-0.9421777746021879,-0.8609431
2016-08-01,BORE_GAS_VOL,-0.9412194965896854,-0.86623615
2016-08-02,BORE_GAS_VOL,-0.9391021875688177,-0.86684155
2016-08-03,BORE_GAS_VOL,-0.94948455681397,-0.86908644
2016-08-04,BORE_GAS_VOL,-0.9396823010430989,-0.8524112
2016-08-05,BORE_GAS_VOL,-0.9460395067382963,-0.87227863
2016-08-06,BORE_GAS_VOL,-0.9485604249560639,-0.87204415
2016-08-07,BORE_GAS_VOL,-0.9429287013280844,-0.8737834
2016-08-08,BORE_GAS_VOL,-0.9475154618989223,-0.88016003
2016-08-09,BORE_GAS_VOL,-0.9520905105036909,-0.8760104
2016-08-10,BORE_GAS_VOL,-0.9471341631725979,-0.88043326
2016-08-11,BORE_GAS_VOL,-0.9479321439593571,-0.871857
2016-08-12,BORE_GAS_VOL,-0.9581156984565525,-0.87399393
2016-08-13,BORE_GAS_VOL,-1.0265714390628105,-0.87887543
2016-08-14,BORE_GAS_VOL,-1.0265714390628105,-0.9744472
2016-08-15,BORE_GAS_VOL,-1.0265714390628105,-0.9515437
2016-08-16,BORE_GAS_VOL,-1.0265714390628105,-0.9715971
2016-08-17,BORE_GAS_VOL,-1.0265714390628105,-0.9704506
2016-08-18,BORE_GAS_VOL,-1.0265714390628105,-0.94385815
2016-08-19,BORE_GAS_VOL,-1.0265714390628105,-0.9386714
2016-08-20,BORE_GAS_VOL,-1.0265714390628105,-0.9386714
2016-08-21,BORE_GAS_VOL,-1.0265714390628105,-0.9386714
2016-08-22,BORE_GAS_VOL,-1.0265714390628105,-0.9386714
2016-08-23,BORE_GAS_VOL,-1.0265714390628105,-0.9386714
2016-08-24,BORE_GAS_VOL,-1.0265714390628105,-0.9386714
2016-08-25,BORE_GAS_VOL,-1.0265714390628105,-0.9386714
2016-08-26,BORE_GAS_VOL,-1.0265714390628105,-0.9386714
2016-08-27,BORE_GAS_VOL,-1.0265714390628105,-0.9386714
2016-08-28,BORE_GAS_VOL,-1.0265714390628105,-0.9386714
2016-08-29,BORE_GAS_VOL,-1.0265714390628105,-0.9386714
2016-08-30,BORE_GAS_VOL,-1.0265714390628105,-0.9386714
2016-08-31,BORE_GAS_VOL,-1.0265714390628105,-0.9386714
2016-09-01,BORE_GAS_VOL,-1.0265714390628105,-0.9386714
2016-09-02,BORE_GAS_VOL,-1.0265714390628105,-0.9386714
2016-09-03,BORE_GAS_VOL,-1.0265714390628105,-0.9386714
2016-09-04,BORE_GAS_VOL,-1.0265714390628105,-0.9386714
2016-09-05,BORE_GAS_VOL,-1.0265714390628105,-0.9386714
2016-09-06,BORE_GAS_VOL,-1.0265714390628105,-0.9386714
2016-09-07,BORE_GAS_VOL,-1.0265714390628105,-0.9386714
2016-09-08,BORE_GAS_VOL,-1.0265714390628105,-0.9386714
2016-09-09,BORE_GAS_VOL,-1.0265714390628105,-0.9386714
2016-09-10,BORE_GAS_VOL,-1.0265714390628105,-0.9386714
2016-09-11,BORE_GAS_VOL,-1.0265714390628105,-0.9386714
2016-09-12,BORE_GAS_VOL,-1.0265714390628105,-0.9386714
2016-09-13,BORE_GAS_VOL,-1.0265714390628105,-0.9386714
2016-09-14,BORE_GAS_VOL,-1.0265714390628105,-0.9386714
2016-09-15,BORE_GAS_VOL,-1.0265714390628105,-0.9386714
2016-09-16,BORE_GAS_VOL,-1.0265714390628105,-0.9386714
2016-09-17,BORE_GAS_VOL,-1.0265714390628105,-0.9386714
2015-06-17,BORE_WAT_VOL,-0.6196898046373079,-0.5904088
2015-06-18,BORE_WAT_VOL,-0.6307640767927047,-0.5875622
2015-06-19,BORE_WAT_VOL,-0.6451067292700704,-0.59295547
2015-06-20,BORE_WAT_VOL,-0.6283042163404883,-0.60246164
2015-06-21,BORE_WAT_VOL,-0.6158334098646101,-0.5929177
2015-06-22,BORE_WAT_VOL,-0.6082627238114737,-0.58730376
2015-06-23,BORE_WAT_VOL,-0.6007165383604511,-0.57729596
2015-06-24,BORE_WAT_VOL,-0.5943169810883502,-0.57123375
2015-06-25,BORE_WAT_VOL,-0.5814541649786525,-0.5640613
2015-06-26,BORE_WAT_VOL,-0.5837915224203005,-0.55644083
2015-06-27,BORE_WAT_VOL,-0.5751575102354293,-0.5575093
2015-06-28,BORE_WAT_VOL,-0.559648629097451,-0.5494989
2015-06-29,BORE_WAT_VOL,-0.5854428630027646,-0.5357812
2015-06-30,BORE_WAT_VOL,-0.6032352002577405,-0.5514277
2015-07-01,BORE_WAT_VOL,-0.5649113584314758,-0.5599541
2015-07-02,BORE_WAT_VOL,-0.5737315751924112,-0.5473639
2015-07-03,BORE_WAT_VOL,-0.5737168748311431,-0.5434607
2015-07-04,BORE_WAT_VOL,-0.5826889953251836,-0.54680896
2015-07-05,BORE_WAT_VOL,-0.6010056454653929,-0.54967946
2015-07-06,BORE_WAT_VOL,-0.6008880425752472,-0.56140196
2015-07-07,BORE_WAT_VOL,-0.5857074695055926,-0.5652151
2015-07-08,BORE_WAT_VOL,-0.6264764714228056,-0.5611098
2015-07-09,BORE_WAT_VOL,-0.6472921829786134,-0.5848241
2015-07-10,BORE_WAT_VOL,-0.6383886641704912,-0.5986998
2015-07-11,BORE_WAT_VOL,-0.6457192443229132,-0.60026026
2015-07-12,BORE_WAT_VOL,-0.6555292854092425,-0.6083353
2015-07-13,BORE_WAT_VOL,-0.6367373235880271,-0.61493915
2015-07-14,BORE_WAT_VOL,-0.6428624741164545,-0.60937417
2015-07-15,BORE_WAT_VOL,-0.6534565344704226,-0.61012924
2015-07-16,BORE_WAT_VOL,-0.655612587456429,-0.6169375
2015-07-17,BORE_WAT_VOL,-0.6559163949226391,-0.6188554
2015-07-18,BORE_WAT_VOL,-0.6198074075274538,-0.6208038
2015-07-19,BORE_WAT_VOL,-0.6134862521821167,-0.5971458
2015-07-20,BORE_WAT_VOL,-0.6178816602013161,-0.5897125
2015-07-21,BORE_WAT_VOL,-0.614373173978633,-0.58572954
2015-07-22,BORE_WAT_VOL,-0.6138341607321313,-0.5806918
2015-07-23,BORE_WAT_VOL,-0.6147847840941433,-0.58078706
2015-07-24,BORE_WAT_VOL,-0.6118888129243029,-0.58267474
2015-07-25,BORE_WAT_VOL,-0.6145593785546971,-0.5808625
2015-07-26,BORE_WAT_VOL,-0.6163822233519571,-0.58262384
2015-07-27,BORE_WAT_VOL,-0.615985313597715,-0.58508724
2015-07-28,BORE_WAT_VOL,-0.6221594653303698,-0.58599436
2015-07-29,BORE_WAT_VOL,-0.5439094422996039,-0.5908882
2015-07-30,BORE_WAT_VOL,-0.6176807552639838,-0.5414185
2015-07-31,BORE_WAT_VOL,-0.617695455625252,-0.5813839
2015-08-01,BORE_WAT_VOL,-0.6185823774217682,-0.578184
2015-08-02,BORE_WAT_VOL,-0.6175778527351061,-0.5863362
2015-08-03,BORE_WAT_VOL,-0.6181462667041443,-0.5903888
2015-08-04,BORE_WAT_VOL,-0.6177591571907476,-0.5913794
2015-08-05,BORE_WAT_VOL,-0.6197339057211126,-0.587112
2015-08-06,BORE_WAT_VOL,-0.617068240211141,-0.58852625
2015-08-07,BORE_WAT_VOL,-0.6171956433421323,-0.58719814
2015-08-08,BORE_WAT_VOL,-0.6165439273259077,-0.5869943
2015-08-09,BORE_WAT_VOL,-0.6174455494836921,-0.58707815
2015-08-10,BORE_WAT_VOL,-0.6175092510491877,-0.58669424
2015-08-11,BORE_WAT_VOL,-0.6458025463700997,-0.5868465
2015-08-12,BORE_WAT_VOL,-0.6239872102480526,-0.60467
2015-08-13,BORE_WAT_VOL,-0.62555524878333,-0.59400475
2015-08-14,BORE_WAT_VOL,-0.6255258480607936,-0.59691787
2015-08-15,BORE_WAT_VOL,-0.6247516290340004,-0.59429103
2015-08-16,BORE_WAT_VOL,-0.6356984980584058,-0.5928533
2015-08-17,BORE_WAT_VOL,-0.6364090155197035,-0.59969366
2015-08-18,BORE_WAT_VOL,-0.655842893116298,-0.6022414
2015-08-19,BORE_WAT_VOL,-0.5946403890362512,-0.6154312
2015-08-20,BORE_WAT_VOL,-0.6151032919216215,-0.57925
2015-08-21,BORE_WAT_VOL,-0.6294655448806781,-0.5885938
2015-08-22,BORE_WAT_VOL,-0.6366540215408406,-0.5908717
2015-08-23,BORE_WAT_VOL,-0.6254523462544525,-0.59747565
2015-08-24,BORE_WAT_VOL,-0.6310776844997602,-0.5973211
2015-08-25,BORE_WAT_VOL,-0.6339589553083325,-0.6017301
2015-08-26,BORE_WAT_VOL,-0.772617662910661,-0.6020247
2015-08-27,BORE_WAT_VOL,-1.1926118844642954,-0.7034855
2015-08-28,BORE_WAT_VOL,-1.1926118844642954,-0.9950737
2015-08-29,BORE_WAT_VOL,-1.1926118844642954,-1.065009
2015-08-30,BORE_WAT_VOL,-1.1926118844642954,-1.1440266
2015-08-31,BORE_WAT_VOL,-0.31181523847643194,-1.1393651
2015-09-01,BORE_WAT_VOL,-0.5929988486946326,-0.46391094
2015-09-02,BORE_WAT_VOL,-0.6414365390734367,-0.58305454
2015-09-03,BORE_WAT_VOL,-0.6346253716858253,-0.5049746
2015-09-04,BORE_WAT_VOL,-0.6140154651877728,-0.510316
2015-09-05,BORE_WAT_VOL,-0.584560841326671,-0.56947327
2015-09-06,BORE_WAT_VOL,-0.638182859112736,-0.5887032
2015-09-07,BORE_WAT_VOL,-0.6122171209926265,-0.6049386
2015-09-08,BORE_WAT_VOL,-0.6026520859274342,-0.5853075
2015-09-09,BORE_WAT_VOL,-0.6012751520886438,-0.58464956
2015-09-10,BORE_WAT_VOL,-0.5883584346542959,-0.5820227
2015-09-11,BORE_WAT_VOL,-0.5884809376648645,-0.5711517
2015-09-12,BORE_WAT_VOL,-0.5940327741038312,-0.5676945
2015-09-13,BORE_WAT_VOL,-0.5933614576059155,-0.5703055
2015-09-14,BORE_WAT_VOL,-0.5959046201053185,-0.57092
2015-09-15,BORE_WAT_VOL,-0.59851638429064,-0.5746063
2015-09-16,BORE_WAT_VOL,-0.6010644469104658,-0.5749831
2015-09-17,BORE_WAT_VOL,-0.5965514360011205,-0.5774152
2015-09-18,BORE_WAT_VOL,-0.6372028350281876,-0.5752261
2015-09-19,BORE_WAT_VOL,-0.6477968953821558,-0.59727114
2015-09-20,BORE_WAT_VOL,-0.6766880053946421,-0.609416
2015-09-21,BORE_WAT_VOL,-0.6578862433325814,-0.63409454
2015-09-22,BORE_WAT_VOL,-0.7470145337018345,-0.6250443
2015-09-23,BORE_WAT_VOL,-0.6164753256399892,-0.69071394
2015-09-24,BORE_WAT_VOL,-0.6071797971980477,-0.60206956
2015-09-25,BORE_WAT_VOL,-0.6068269885276103,-0.5994487
2015-09-26,BORE_WAT_VOL,-0.6088948393460074,-0.5805542
2015-09-27,BORE_WAT_VOL,-0.6096396576502642,-0.5747807
2015-09-28,BORE_WAT_VOL,-0.6125552293017957,-0.57612765
2015-09-29,BORE_WAT_VOL,-0.6387414728409286,-0.585967
2015-09-30,BORE_WAT_VOL,-0.6507712684787601,-0.6025642
2015-10-01,BORE_WAT_VOL,-0.6327388253230698,-0.61713916
2015-10-02,BORE_WAT_VOL,-0.6165880284097123,-0.60824
2015-10-03,BORE_WAT_VOL,-0.5995454095794158,-0.59775984
2015-10-04,BORE_WAT_VOL,-0.6070719945487474,-0.5829617
2015-10-05,BORE_WAT_VOL,-0.6026912868908161,-0.58133715
2015-10-06,BORE_WAT_VOL,-0.6035929090486007,-0.57593906
2015-10-07,BORE_WAT_VOL,-0.6071062953917066,-0.5787604
2015-10-08,BORE_WAT_VOL,-0.6080275180311822,-0.58259284
2015-10-09,BORE_WAT_VOL,-0.5993739053646199,-0.58413756
2015-10-10,BORE_WAT_VOL,-0.5954538090264263,-0.5782861
2015-10-11,BORE_WAT_VOL,-0.5962231279327969,-0.57589924
2015-10-12,BORE_WAT_VOL,-0.5952137031257119,-0.57427365
2015-10-13,BORE_WAT_VOL,-0.6113546997982239,-0.57335305
2015-10-14,BORE_WAT_VOL,-0.5875401145436981,-0.58946115
2015-10-15,BORE_WAT_VOL,-0.597016947441281,-0.5698238
2015-10-16,BORE_WAT_VOL,-0.5661559890188522,-0.5787593
2015-10-17,BORE_WAT_VOL,-0.5807289471560868,-0.5554459
2015-10-18,BORE_WAT_VOL,-0.584653943614703,-0.5620135
2015-10-19,BORE_WAT_VOL,-0.5939935731404492,-0.56039697
2015-10-20,BORE_WAT_VOL,-0.6119966155736031,-0.57116187
2015-10-21,BORE_WAT_VOL,-0.5999766201766171,-0.5847062
2015-10-22,BORE_WAT_VOL,-0.6290833354877042,-0.58177227
2015-10-23,BORE_WAT_VOL,-0.6131873448363294,-0.5996285
2015-10-24,BORE_WAT_VOL,-0.5713158158239995,-0.59146124
2015-10-25,BORE_WAT_VOL,-0.5681699385125992,-0.56644607
2015-10-26,BORE_WAT_VOL,-0.5734914692916969,-0.5566905
2015-10-27,BORE_WAT_VOL,-0.5668077050350769,-0.55841863
2015-10-28,BORE_WAT_VOL,-0.5337122916998779,-0.55037624
2015-10-29,BORE_WAT_VOL,-0.6141379681983413,-0.53032625
2015-10-30,BORE_WAT_VOL,-0.5431989248383063,-0.5864868
2015-10-31,BORE_WAT_VOL,-0.4663111352850625,-0.535604
2015-11-01,BORE_WAT_VOL,-0.49552565324545,-0.4890983
2015-11-02,BORE_WAT_VOL,-0.611124394138355,-0.49506477
2015-11-03,BORE_WAT_VOL,-0.6050580450550005,-0.5552541
2015-11-04,BORE_WAT_VOL,-0.6006234360724191,-0.5637035
2015-11-05,BORE_WAT_VOL,-0.5855555657724877,-0.5837246
2015-11-06,BORE_WAT_VOL,-0.5786953971806489,-0.58091754
2015-11-07,BORE_WAT_VOL,-0.5810817558265242,-0.57201874
2015-11-08,BORE_WAT_VOL,-0.5730357580923819,-0.565038
2015-11-09,BORE_WAT_VOL,-0.577269462137631,-0.56085145
2015-11-10,BORE_WAT_VOL,-0.5704386942683287,-0.56693983
2015-11-11,BORE_WAT_VOL,-0.5524797529189795,-0.5619832
2015-11-12,BORE_WAT_VOL,-0.5445072569911783,-0.54824734
2015-11-13,BORE_WAT_VOL,-0.5510979189597662,-0.5331977
2015-11-14,BORE_WAT_VOL,-0.5425080078586997,-0.5363187
2015-11-15,BORE_WAT_VOL,-0.5040518627810209,-0.52557766
2015-11-16,BORE_WAT_VOL,-0.5429147178537872,-0.50510794
2015-11-17,BORE_WAT_VOL,-0.5659697844427881,-0.5261068
2015-11-18,BORE_WAT_VOL,-0.5647104534941434,-0.541958
2015-11-19,BORE_WAT_VOL,-0.5629317097806881,-0.5472993
2015-11-20,BORE_WAT_VOL,-0.5763629398594238,-0.5509254
2015-11-21,BORE_WAT_VOL,-0.5891620544036257,-0.5617752
2015-11-22,BORE_WAT_VOL,-0.5798567257208387,-0.56513447
2015-11-23,BORE_WAT_VOL,-0.5774752671953862,-0.5644612
2015-11-24,BORE_WAT_VOL,-0.6032303001373178,-0.5634614
2015-11-25,BORE_WAT_VOL,-0.610536379687626,-0.57890296
2015-11-26,BORE_WAT_VOL,-0.6042642255465163,-0.58363414
2015-11-27,BORE_WAT_VOL,-0.6133000476060525,-0.5842589
2015-11-28,BORE_WAT_VOL,-0.6166370296139397,-0.59118366
2015-11-29,BORE_WAT_VOL,-0.6176709550231383,-0.5920865
2015-11-30,BORE_WAT_VOL,-0.6252024401128926,-0.593295
2015-12-01,BORE_WAT_VOL,-0.631366791604702,-0.59859693
2015-12-02,BORE_WAT_VOL,-0.6323713162913641,-0.60344994
2015-12-03,BORE_WAT_VOL,-0.6294900454827917,-0.6052085
2015-12-04,BORE_WAT_VOL,-0.6114037010024513,-0.60404027
2015-12-05,BORE_WAT_VOL,-0.5979038692377973,-0.5922695
2015-12-06,BORE_WAT_VOL,-0.5855653660133331,-0.5797604
2015-12-07,BORE_WAT_VOL,-0.576603045760138,-0.5693809
2015-12-08,BORE_WAT_VOL,-0.5739667809727029,-0.5593085
2015-12-09,BORE_WAT_VOL,-0.8588940831938785,-0.55682653
2015-12-10,BORE_WAT_VOL,-0.45230659111686605,-0.7540058
2015-12-11,BORE_WAT_VOL,-0.5435615337495892,-0.48765123
2015-12-12,BORE_WAT_VOL,-0.584653943614703,-0.570855
2015-12-13,BORE_WAT_VOL,-0.5971002494884676,-0.54912245
2015-12-14,BORE_WAT_VOL,-0.596409332508861,-0.54967034
2015-12-15,BORE_WAT_VOL,-0.5776418712897594,-0.5652996
2015-12-16,BORE_WAT_VOL,-0.5827477967702565,-0.57444656
2015-12-17,BORE_WAT_VOL,-0.5829536018280116,-0.5699887
2015-12-18,BORE_WAT_VOL,-0.5823606872568597,-0.56540227
2015-12-19,BORE_WAT_VOL,-0.5920874262960026,-0.56526756
2015-12-20,BORE_WAT_VOL,-0.5955812121574175,-0.5721354
2015-12-21,BORE_WAT_VOL,-0.5993543048829288,-0.5759023
2015-12-22,BORE_WAT_VOL,-0.6021767742464282,-0.5795716
2015-12-23,BORE_WAT_VOL,-0.5971933517764998,-0.582873
2015-12-24,BORE_WAT_VOL,-0.6035537080852187,-0.5797986
2015-12-25,BORE_WAT_VOL,-0.6087233351312115,-0.58333147
2015-12-26,BORE_WAT_VOL,-0.6075571064705989,-0.5861307
2015-12-27,BORE_WAT_VOL,-0.6195281006633575,-0.5863546
2015-12-28,BORE_WAT_VOL,-0.6141918695229914,-0.59496045
2015-12-29,BORE_WAT_VOL,-0.6183422715210539,-0.5923765
2015-12-30,BORE_WAT_VOL,-0.6221104641261425,-0.59558105
2015-12-31,BORE_WAT_VOL,-0.6216988540106322,-0.5976125
2016-01-01,BORE_WAT_VOL,-0.623791205431143,-0.5977079
2016-01-02,BORE_WAT_VOL,-0.6296517494567424,-0.59939814
2016-01-03,BORE_WAT_VOL,-0.77831650296231,-0.6038734
2016-01-04,BORE_WAT_VOL,-0.6411768326910314,-0.7069429
2016-01-05,BORE_WAT_VOL,-0.5771714597291762,-0.62909764
2016-01-06,BORE_WAT_VOL,-0.530140103911699,-0.59106916
2016-01-07,BORE_WAT_VOL,-0.5766716474460565,-0.5430357
2016-01-08,BORE_WAT_VOL,-0.5664548963646395,-0.5454757
2016-01-09,BORE_WAT_VOL,-0.5659501839610972,-0.5347536
2016-01-10,BORE_WAT_VOL,-0.5608932596848274,-0.54758954
2016-01-11,BORE_WAT_VOL,-0.5577179816508906,-0.5524416
2016-01-12,BORE_WAT_VOL,-0.544703261808088,-0.54846203
2016-01-13,BORE_WAT_VOL,-0.5584333992326109,-0.53869677
2016-01-14,BORE_WAT_VOL,-0.5289591748898183,-0.55055857
2016-01-15,BORE_WAT_VOL,-0.49436922482568285,-0.52618855
2016-01-16,BORE_WAT_VOL,-0.5271167296108673,-0.5072419
2016-01-17,BORE_WAT_VOL,-0.5489810669371418,-0.5203745
2016-01-18,BORE_WAT_VOL,-0.5249606766248608,-0.5314518
2016-01-19,BORE_WAT_VOL,-0.5212806861873815,-0.5223776
2016-01-20,BORE_WAT_VOL,-0.5845706415675165,-0.52729267
2016-01-21,BORE_WAT_VOL,-0.5319384481068453,-0.5679067
2016-01-22,BORE_WAT_VOL,-0.5911221025727225,-0.53195626
2016-01-23,BORE_WAT_VOL,-0.5722958399085478,-0.57569057
2016-01-24,BORE_WAT_VOL,-0.5738540782029798,-0.5620708
2016-01-25,BORE_WAT_VOL,-0.6508398701646784,-0.56370914
2016-01-26,BORE_WAT_VOL,-0.6210569382352529,-0.61118084
2016-01-27,BORE_WAT_VOL,-0.5723105402698161,-0.6002155
2016-01-28,BORE_WAT_VOL,-0.576470742508724,-0.57200956
2016-01-29,BORE_WAT_VOL,-0.5770146558756484,-0.5724962
2016-01-30,BORE_WAT_VOL,-0.5799694284905618,-0.5599935
2016-01-31,BORE_WAT_VOL,-0.587084403344383,-0.55978036
2016-02-01,BORE_WAT_VOL,-0.5866139917837998,-0.5690965
2016-02-02,BORE_WAT_VOL,-0.5903625839071974,-0.5727193
2016-02-03,BORE_WAT_VOL,-0.5978352675518789,-0.5753196
2016-02-04,BORE_WAT_VOL,-0.662335552676431,-0.5805901
2016-02-05,BORE_WAT_VOL,-0.5728397532754723,-0.6254283
2016-02-06,BORE_WAT_VOL,-0.587731219240185,-0.5693542
2016-02-07,BORE_WAT_VOL,-0.5923814335213671,-0.5823422
2016-02-08,BORE_WAT_VOL,-0.596541635760275,-0.57494795
2016-02-09,BORE_WAT_VOL,-0.5927489425530728,-0.5732438
2016-02-10,BORE_WAT_VOL,-0.6032008994147814,-0.57373315
2016-02-11,BORE_WAT_VOL,-0.6148043845758342,-0.5857934
2016-02-12,BORE_WAT_VOL,-0.6126973327940551,-0.5912648
2016-02-13,BORE_WAT_VOL,-0.6136234555539535,-0.5946594
2016-02-14,BORE_WAT_VOL,-0.6256336507100939,-0.5967938
2016-02-15,BORE_WAT_VOL,-0.6276672006855318,-0.60330313
2016-02-16,BORE_WAT_VOL,-0.6298428541532293,-0.60501736
2016-02-17,BORE_WAT_VOL,-0.6358994029957383,-0.6075916
2016-02-18,BORE_WAT_VOL,-0.6387071719979693,-0.61145115
2016-02-19,BORE_WAT_VOL,-0.6278240045390596,-0.6137006
2016-02-20,BORE_WAT_VOL,-0.6171907432217095,-0.60885334
2016-02-21,BORE_WAT_VOL,-0.6131236432708338,-0.6002371
2016-02-22,BORE_WAT_VOL,-0.5959634215503915,-0.5968583
2016-02-23,BORE_WAT_VOL,-0.5901665790902877,-0.5820446
2016-02-24,BORE_WAT_VOL,-0.5804153394490313,-0.5770241
2016-02-25,BORE_WAT_VOL,-0.5680033344182259,-0.56871444
2016-02-26,BORE_WAT_VOL,-0.5484469538110629,-0.5591116
2016-02-27,BORE_WAT_VOL,-0.5470651198518496,-0.54206824
2016-02-28,BORE_WAT_VOL,-0.5452667756567035,-0.540403
2016-02-29,BORE_WAT_VOL,-0.4961920696229428,-0.5359543
2016-03-01,BORE_WAT_VOL,-0.525734895651654,-0.5067218
2016-03-02,BORE_WAT_VOL,-0.5271167296108673,-0.52210355
2016-03-03,BORE_WAT_VOL,-0.5304096105349497,-0.5227351
2016-03-04,BORE_WAT_VOL,-0.5359271461309572,-0.5274169
2016-03-05,BORE_WAT_VOL,-0.5349030209626041,-0.53514796
2016-03-06,BORE_WAT_VOL,-0.5363387562464675,-0.53565705
2016-03-07,BORE_WAT_VOL,-0.5408125661924309,-0.5361608
2016-03-08,BORE_WAT_VOL,-0.5454382798714993,-0.53888124
2016-03-09,BORE_WAT_VOL,-0.5491329706702467,-0.54190034
2016-03-10,BORE_WAT_VOL,-0.5515830308816178,-0.54519266
2016-03-11,BORE_WAT_VOL,-0.5555423281831933,-0.5474806
2016-03-12,BORE_WAT_VOL,-0.5179339039386489,-0.5505538
2016-03-13,BORE_WAT_VOL,-0.5565321525085871,-0.52779007
2016-03-14,BORE_WAT_VOL,-0.542787314722796,-0.5490081
2016-03-15,BORE_WAT_VOL,-0.544933567467957,-0.53810525
2016-03-16,BORE_WAT_VOL,-0.5476335338208878,-0.5422914
2016-03-17,BORE_WAT_VOL,-0.5876969183972258,-0.54426765
2016-03-18,BORE_WAT_VOL,-0.5530236662859038,-0.56974614
2016-03-19,BORE_WAT_VOL,-0.5462124988982925,-0.55154383
2016-03-20,BORE_WAT_VOL,-0.5480304435751298,-0.550142
2016-03-21,BORE_WAT_VOL,-0.5555031272198112,-0.5469264
2016-03-22,BORE_WAT_VOL,-0.560388547281285,-0.5480766
2016-03-23,BORE_WAT_VOL,-0.5591096158509494,-0.5529277
2016-03-24,BORE_WAT_VOL,-0.5580315893579462,-0.5549005
2016-03-25,BORE_WAT_VOL,-0.5574435749072171,-0.5546473
2016-03-26,BORE_WAT_VOL,-0.5662490913068844,-0.5534787
2016-03-27,BORE_WAT_VOL,-0.5971541508131177,-0.55832434
2016-03-28,BORE_WAT_VOL,-0.573643373024802,-0.5782261
2016-03-29,BORE_WAT_VOL,-0.5698751804197134,-0.5667231
2016-03-30,BORE_WAT_VOL,-0.5693753681365936,-0.566921
2016-03-31,BORE_WAT_VOL,-0.5774507665932724,-0.5641304
2016-04-01,BORE_WAT_VOL,-0.5805672431821364,-0.5661012
2016-04-02,BORE_WAT_VOL,-0.5808367498053871,-0.5693544
2016-04-03,BORE_WAT_VOL,-0.581542367146262,-0.5720005
2016-04-04,BORE_WAT_VOL,-0.5447718634940065,-0.5728741
2016-04-05,BORE_WAT_VOL,-0.5719969325627606,-0.5498563
2016-04-06,BORE_WAT_VOL,-0.646385660700406,-0.56241107
2016-04-07,BORE_WAT_VOL,-0.5505687059541101,-0.61015683
2016-04-08,BORE_WAT_VOL,-0.5727760517099766,-0.55490327
2016-04-09,BORE_WAT_VOL,-0.5795333177729377,-0.569663
2016-04-10,BORE_WAT_VOL,-0.5859181746837705,-0.56659085
2016-04-11,BORE_WAT_VOL,-0.5876479171929985,-0.56558657
2016-04-12,BORE_WAT_VOL,-0.5892894575346169,-0.5719069
2016-04-13,BORE_WAT_VOL,-0.5945570869890645,-0.5779654
2016-04-14,BORE_WAT_VOL,-0.5948657945756973,-0.58187747
2016-04-15,BORE_WAT_VOL,-0.5960908246813829,-0.5820754
2016-04-16,BORE_WAT_VOL,-0.5771420590066397,-0.58354217
2016-04-17,BORE_WAT_VOL,-0.5724281431599619,-0.56710863
2016-04-18,BORE_WAT_VOL,-0.5531314689352042,-0.5632138
2016-04-19,BORE_WAT_VOL,-0.5845755416879392,-0.55323744
2016-04-20,BORE_WAT_VOL,-0.5907398931797486,-0.5628459
2016-04-21,BORE_WAT_VOL,-0.5932977560404199,-0.57226264
2016-04-22,BORE_WAT_VOL,-0.5748439025283737,-0.5816254
2016-04-23,BORE_WAT_VOL,-0.572447743641653,-0.57439375
2016-04-24,BORE_WAT_VOL,-0.5654160708350182,-0.5663462
2016-04-25,BORE_WAT_VOL,-0.5936652650721256,-0.5618286
2016-04-26,BORE_WAT_VOL,-0.5992220016315148,-0.57541776
2016-04-27,BORE_WAT_VOL,-0.608806637178398,-0.5799149
2016-04-28,BORE_WAT_VOL,-0.6149072871047118,-0.59007
2016-04-29,BORE_WAT_VOL,-0.611732009070775,-0.59712446
2016-04-30,BORE_WAT_VOL,-0.6164459249174528,-0.59737927
2016-05-01,BORE_WAT_VOL,-0.6224877733986935,-0.5995759
2016-05-02,BORE_WAT_VOL,-0.6206698287218563,-0.60383224
2016-05-03,BORE_WAT_VOL,-0.6160000139589833,-0.6016098
2016-05-04,BORE_WAT_VOL,-0.613006040380688,-0.5997633
2016-05-05,BORE_WAT_VOL,-0.6103305746298708,-0.596565
2016-05-06,BORE_WAT_VOL,-0.6143094724131373,-0.5934231
2016-05-07,BORE_WAT_VOL,-0.6153678984244496,-0.59516186
2016-05-08,BORE_WAT_VOL,-0.6176415543006017,-0.59647226
2016-05-09,BORE_WAT_VOL,-0.6135891547109942,-0.5987886
2016-05-10,BORE_WAT_VOL,-0.42522362554037135,-0.59711933
2016-05-11,BORE_WAT_VOL,-0.627740702491873,-0.47843888
2016-05-12,BORE_WAT_VOL,-0.6277995039369458,-0.5875259
2016-05-13,BORE_WAT_VOL,-0.6275936988791907,-0.5837743
2016-05-14,BORE_WAT_VOL,-0.6305631718553724,-0.60438955
2016-05-15,BORE_WAT_VOL,-0.755359438781764,-0.6221411
2016-05-16,BORE_WAT_VOL,-0.6234089960381691,-0.6991776
2016-05-17,BORE_WAT_VOL,-0.6330916339935072,-0.6187787
2016-05-18,BORE_WAT_VOL,-0.6354338915555778,-0.6275842
2016-05-19,BORE_WAT_VOL,-0.6373547387612926,-0.6164304
2016-05-20,BORE_WAT_VOL,-0.6381681587514678,-0.6070779
2016-05-21,BORE_WAT_VOL,-0.6314941947356933,-0.61063063
2016-05-22,BORE_WAT_VOL,-0.6212480429317399,-0.6108321
2016-05-23,BORE_WAT_VOL,-0.6200181127056317,-0.60499275
2016-05-24,BORE_WAT_VOL,-0.6212578431725854,-0.6023147
2016-05-25,BORE_WAT_VOL,-0.6241342138607349,-0.60116494
2016-05-26,BORE_WAT_VOL,-0.6233795953156326,-0.6028291
2016-05-27,BORE_WAT_VOL,-0.6241783149445396,-0.60333765
2016-05-28,BORE_WAT_VOL,-0.6203513208943782,-0.60483605
2016-05-29,BORE_WAT_VOL,-0.6193418960872932,-0.60234565
2016-05-30,BORE_WAT_VOL,-0.6230806879698454,-0.6015738
2016-05-31,BORE_WAT_VOL,-0.6244968227720177,-0.60342735
2016-06-01,BORE_WAT_VOL,-0.6276868011672228,-0.60381263
2016-06-02,BORE_WAT_VOL,-0.6231051885719591,-0.60697585
2016-06-03,BORE_WAT_VOL,-0.6315725966624571,-0.6046516
2016-06-04,BORE_WAT_VOL,-0.622345669906434,-0.6108693
2016-06-05,BORE_WAT_VOL,-0.6205571259521332,-0.6029941
2016-06-06,BORE_WAT_VOL,-0.6185823774217682,-0.602819
2016-06-07,BORE_WAT_VOL,-0.6155786036026275,-0.59999555
2016-06-08,BORE_WAT_VOL,-0.8365054329823705,-0.59703124
2016-06-09,BORE_WAT_VOL,-0.8735503433782995,-0.74283075
2016-06-10,BORE_WAT_VOL,-0.5997071135533663,-0.78871334
2016-06-11,BORE_WAT_VOL,-0.6097180595770281,-0.63904023
2016-06-12,BORE_WAT_VOL,-0.6418873501523289,-0.6318991
2016-06-13,BORE_WAT_VOL,-0.6084979295917654,-0.6060585
2016-06-14,BORE_WAT_VOL,-0.6086841341678295,-0.5697564
2016-06-15,BORE_WAT_VOL,-0.6053667526416332,-0.58762544
2016-06-16,BORE_WAT_VOL,-0.6015103578689354,-0.5914907
2016-06-17,BORE_WAT_VOL,-0.6062928754015315,-0.5855315
2016-06-18,BORE_WAT_VOL,-0.6077090102037038,-0.5891532
2016-06-19,BORE_WAT_VOL,-0.6053667526416332,-0.5907889
2016-06-20,BORE_WAT_VOL,-0.6064741798571729,-0.5903738
2016-06-21,BORE_WAT_VOL,-0.6037056118183237,-0.59131354
2016-06-22,BORE_WAT_VOL,-0.6035782086873325,-0.5893263
2016-06-23,BORE_WAT_VOL,-0.597756865625115,-0.5886673
2016-06-24,BORE_WAT_VOL,-0.6060233687782807,-0.58485913
2016-06-25,BORE_WAT_VOL,-0.6058420643226392,-0.5893849
2016-06-26,BORE_WAT_VOL,-0.6054206539662834,-0.58958846
2016-06-27,BORE_WAT_VOL,-0.6071307959938204,-0.59011656
2016-06-28,BORE_WAT_VOL,-0.6076992099628584,-0.59212136
2016-06-29,BORE_WAT_VOL,-0.6065280811818231,-0.5918075
2016-06-30,BORE_WAT_VOL,-0.6054157538458607,-0.5912484
2016-07-01,BORE_WAT_VOL,-0.6066701846740826,-0.5906191
2016-07-02,BORE_WAT_VOL,-0.6041564228972159,-0.59081936
2016-07-03,BORE_WAT_VOL,-0.6070474939466337,-0.5893432
2016-07-04,BORE_WAT_VOL,-0.6044112291591985,-0.59101486
2016-07-05,BORE_WAT_VOL,-0.6075081052663716,-0.58978796
2016-07-06,BORE_WAT_VOL,-0.6044798308451169,-0.59137315
2016-07-07,BORE_WAT_VOL,-0.5975755611694736,-0.59037095
2016-07-08,BORE_WAT_VOL,-0.598041072609634,-0.5849327
2016-07-09,BORE_WAT_VOL,-0.7546832221634256,-0.5848096
2016-07-10,BORE_WAT_VOL,-0.6129962401398426,-0.68096447
2016-07-11,BORE_WAT_VOL,-0.6391236822339025,-0.6059335
2016-07-12,BORE_WAT_VOL,-0.6196457035535032,-0.63161445
2016-07-13,BORE_WAT_VOL,-0.868758025604858,-0.60537434
2016-07-14,BORE_WAT_VOL,-1.0520960312217476,-0.7624189
2016-07-15,BORE_WAT_VOL,-1.0595540145051607,-0.904194
2016-07-16,BORE_WAT_VOL,-0.7035700660338045,-0.9719459
2016-07-17,BORE_WAT_VOL,-0.9970039773088599,-0.7613867
2016-07-18,BORE_WAT_VOL,-0.7942810952996032,-0.92454284
2016-07-19,BORE_WAT_VOL,-0.6472725824969223,-0.73654115
2016-07-20,BORE_WAT_VOL,-0.687610373816934,-0.6485305
2016-07-21,BORE_WAT_VOL,-0.7140759242201632,-0.6593052
2016-07-22,BORE_WAT_VOL,-0.7181969254956891,-0.65631306
2016-07-23,BORE_WAT_VOL,-0.707926273089622,-0.66261923
2016-07-24,BORE_WAT_VOL,-0.7041335798824199,-0.6749266
2016-07-25,BORE_WAT_VOL,-0.7621902066510663,-0.67510676
2016-07-26,BORE_WAT_VOL,-0.7822758002638854,-0.70843244
2016-07-27,BORE_WAT_VOL,-0.7488373784990946,-0.7249205
2016-07-28,BORE_WAT_VOL,-0.7311234431708824,-0.71387255
2016-07-29,BORE_WAT_VOL,-0.7254540038417698,-0.7035935
2016-07-30,BORE_WAT_VOL,-0.7145806366237056,-0.6920593
2016-07-31,BORE_WAT_VOL,-0.7246405838515948,-0.6776643
2016-08-01,BORE_WAT_VOL,-0.7362440690126476,-0.6830113
2016-08-02,BORE_WAT_VOL,-0.7568343750290093,-0.6909071
2016-08-03,BORE_WAT_VOL,-0.6026569860478569,-0.7073505
2016-08-04,BORE_WAT_VOL,-0.6996058686118062,-0.6156447
2016-08-05,BORE_WAT_VOL,-0.7437804542228248,-0.6639248
2016-08-06,BORE_WAT_VOL,-0.7709516219669289,-0.6821448
2016-08-07,BORE_WAT_VOL,-0.7695256869239109,-0.7100928
2016-08-08,BORE_WAT_VOL,-0.769373783190806,-0.7283927
2016-08-09,BORE_WAT_VOL,-0.7921495429157105,-0.7322008
2016-08-10,BORE_WAT_VOL,-0.775714539017834,-0.74254036
2016-08-11,BORE_WAT_VOL,-0.7741170997600202,-0.72984725
2016-08-12,BORE_WAT_VOL,-0.7610582788334128,-0.730113
2016-08-13,BORE_WAT_VOL,-1.1926118844642954,-0.7223054
2016-08-14,BORE_WAT_VOL,-1.1926118844642954,-1.0046213
2016-08-15,BORE_WAT_VOL,-1.1926118844642954,-1.0445284
2016-08-16,BORE_WAT_VOL,-1.1926118844642954,-1.1155927
2016-08-17,BORE_WAT_VOL,-1.1926118844642954,-1.1248447
2016-08-18,BORE_WAT_VOL,-1.1926118844642954,-1.1048257
2016-08-19,BORE_WAT_VOL,-1.1926118844642954,-1.0880761
2016-08-20,BORE_WAT_VOL,-1.1926118844642954,-1.0880761
2016-08-21,BORE_WAT_VOL,-1.1926118844642954,-1.0880761
2016-08-22,BORE_WAT_VOL,-1.1926118844642954,-1.0880761
2016-08-23,BORE_WAT_VOL,-1.1926118844642954,-1.0880761
2016-08-24,BORE_WAT_VOL,-1.1926118844642954,-1.0880761
2016-08-25,BORE_WAT_VOL,-1.1926118844642954,-1.0880761
2016-08-26,BORE_WAT_VOL,-1.1926118844642954,-1.0880761
2016-08-27,BORE_WAT_VOL,-1.1926118844642954,-1.0880761
2016-08-28,BORE_WAT_VOL,-1.1926118844642954,-1.0880761
2016-08-29,BORE_WAT_VOL,-1.1926118844642954,-1.0880761
2016-08-30,BORE_WAT_VOL,-1.1926118844642954,-1.0880761
2016-08-31,BORE_WAT_VOL,-1.1926118844642954,-1.0880761
2016-09-01,BORE_WAT_VOL,-1.1926118844642954,-1.0880761
2016-09-02,BORE_WAT_VOL,-1.1926118844642954,-1.0880761
2016-09-03,BORE_WAT_VOL,-1.1926118844642954,-1.0880761
2016-09-04,BORE_WAT_VOL,-1.1926118844642954,-1.0880761
2016-09-05,BORE_WAT_VOL,-1.1926118844642954,-1.0880761
2016-09-06,BORE_WAT_VOL,-1.1926118844642954,-1.0880761
2016-09-07,BORE_WAT_VOL,-1.1926118844642954,-1.0880761
2016-09-08,BORE_WAT_VOL,-1.1926118844642954,-1.0880761
2016-09-09,BORE_WAT_VOL,-1.1926118844642954,-1.0880761
2016-09-10,BORE_WAT_VOL,-1.1926118844642954,-1.0880761
2016-09-11,BORE_WAT_VOL,-1.1926118844642954,-1.0880761
2016-09-12,BORE_WAT_VOL,-1.1926118844642954,-1.0880761
2016-09-13,BORE_WAT_VOL,-1.1926118844642954,-1.0880761
2016-09-14,BORE_WAT_VOL,-1.1926118844642954,-1.0880761
2016-09-15,BORE_WAT_VOL,-1.1926118844642954,-1.0880761
2016-09-16,BORE_WAT_VOL,-1.1926118844642954,-1.0880761
2016-09-17,BORE_WAT_VOL,-1.1926118844642954,-1.0880761
