unique_id,ds,y,MLP
slug_flow,1501,0.4593967497231161,0.44587526
slug_flow,1502,0.4712825414543311,0.4679687
slug_flow,1503,0.4842310975726374,0.474172
slug_flow,1504,0.4965635111475073,0.5025329
slug_flow,1505,0.5104207416834884,0.53058004
slug_flow,1506,0.523391248559074,0.5507902
slug_flow,1507,0.5381438961246698,0.5851163
slug_flow,1508,0.5585820071598588,0.6149937
slug_flow,1509,0.582845200651655,0.65809363
slug_flow,1510,0.6064303113443252,0.6940723
slug_flow,1511,0.6343012530622394,0.72617596
slug_flow,1512,0.6732562405350944,0.7612148
slug_flow,1513,0.7175141832318819,0.8073637
slug_flow,1514,0.7661448906461086,0.85006356
slug_flow,1515,0.8172966751340083,0.87014794
slug_flow,1516,0.8782437133900489,0.88853747
slug_flow,1517,0.9347397466056742,0.88896894
slug_flow,1518,0.969825315438902,0.88563025
slug_flow,1519,0.9813579390455724,0.86593956
slug_flow,1520,0.970998920283543,0.86135435
slug_flow,1521,0.9352430926834868,0.80495554
slug_flow,1522,0.870869562949556,0.74257904
slug_flow,1523,0.78197551599493,0.6725295
slug_flow,1524,0.6836187366448117,0.6121357
slug_flow,1525,0.5738997237247263,0.55058676
slug_flow,1526,0.4461158895663921,0.48343393
slug_flow,1527,0.3080538849797705,0.43915734
slug_flow,1528,0.1556421704908798,0.3604617
slug_flow,1529,0.0619976319262245,0.27940738
slug_flow,1530,0.0147100500564199,0.28480554
slug_flow,1531,0.0341223435237007,0.25210387
slug_flow,1532,0.1149493785110345,0.2370181
slug_flow,1533,0.2318135585263696,0.21562171
slug_flow,1534,0.279676989173278,0.21289855
slug_flow,1535,0.330307171508004,0.19834444
slug_flow,1536,0.2842653494473625,0.20628776
slug_flow,1537,0.2232700629921533,0.1941238
slug_flow,1538,0.1678654822820441,0.1895908
slug_flow,1539,0.1570661443690439,0.2062504
slug_flow,1540,0.2009487943166229,0.22396219
slug_flow,1541,0.2612344410424393,0.23552844
slug_flow,1542,0.3160759087613514,0.24072538
slug_flow,1543,0.314496758242618,0.24601084
slug_flow,1544,0.3042418425769928,0.25219715
slug_flow,1545,0.2738502584538669,0.2561391
slug_flow,1546,0.2345020698912112,0.2725565
slug_flow,1547,0.2325506475690731,0.27226847
slug_flow,1548,0.2507090529269705,0.2720272
slug_flow,1549,0.2779643954370244,0.27666014
slug_flow,1550,0.3029015423775669,0.2895056
slug_flow,1551,0.293365351012169,0.28046042
slug_flow,1552,0.2930995512482809,0.2811099
slug_flow,1553,0.2772211123687518,0.27945104
slug_flow,1554,0.2560766650844734,0.2693092
slug_flow,1555,0.2636316376047333,0.2804152
slug_flow,1556,0.2658945216125852,0.29229772
slug_flow,1557,0.2753055284612214,0.27021223
slug_flow,1558,0.292165014057178,0.2737066
slug_flow,1559,0.2812276689078172,0.27579615
slug_flow,1560,0.2882882060537146,0.275212
slug_flow,1561,0.2715111335979595,0.27893573
slug_flow,1562,0.2717677618573209,0.26953185
slug_flow,1563,0.2662878096360782,0.277996
slug_flow,1564,0.2764235826765493,0.27650532
slug_flow,1565,0.2764539225351256,0.27486932
slug_flow,1566,0.2845187611601127,0.2631724
slug_flow,1567,0.282807906097703,0.285067
slug_flow,1568,0.2790903109419464,0.28338996
slug_flow,1569,0.2753247159689989,0.27138004
slug_flow,1570,0.2733791865092819,0.27041957
slug_flow,1571,0.2733143122414809,0.27986848
slug_flow,1572,0.2757278813158051,0.27786356
slug_flow,1573,0.2788015668928681,0.28405914
slug_flow,1574,0.2799670869041347,0.28731853
slug_flow,1575,0.2809448775586364,0.28165242
slug_flow,1576,0.2789537798848397,0.28469482
slug_flow,1577,0.2764219744032437,0.27606246
slug_flow,1578,0.2749710009264456,0.26864904
slug_flow,1579,0.2751788536525936,0.2795604
slug_flow,1580,0.2762644940198313,0.26853517
slug_flow,1581,0.2783925982046454,0.27272332
slug_flow,1582,0.2802675757680822,0.2800639
slug_flow,1583,0.2801906224046671,0.28349257
slug_flow,1584,0.2784862721176471,0.28737274
slug_flow,1585,0.2768614676841386,0.27667066
slug_flow,1586,0.2761576649312218,0.27685463
slug_flow,1587,0.2766035105811965,0.28097874
slug_flow,1588,0.277788591802216,0.27052805
slug_flow,1589,0.2792684008199586,0.28122357
slug_flow,1590,0.2797184527647295,0.2781115
slug_flow,1591,0.2789718482624563,0.27635208
slug_flow,1592,0.2775548290796678,0.28082505
slug_flow,1593,0.2765587863013365,0.2762866
slug_flow,1594,0.2764377702551156,0.27308273
slug_flow,1595,0.2772784886056009,0.2820165
slug_flow,1596,0.2785201103710156,0.26867038
slug_flow,1597,0.2794909162985025,0.2797208
slug_flow,1598,0.2795684223661398,0.27369988
slug_flow,1599,0.2788748921186316,0.2844545
slug_flow,1600,0.2779924817068106,0.2908209
slug_flow,1601,0.2774154091708091,0.26974395
slug_flow,1602,0.2775940579082711,0.27495414
slug_flow,1603,0.2782517595862265,0.26909393
slug_flow,1604,0.2792395120853213,0.26778948
slug_flow,1605,0.2790656521311601,0.2897401
slug_flow,1606,0.2788256185477089,0.28019652
slug_flow,1607,0.2781955053141228,0.2747628
slug_flow,1608,0.2776032342424472,0.27650335
slug_flow,1609,0.2774800781785034,0.28142762
slug_flow,1610,0.2781747749721378,0.2835395
slug_flow,1611,0.27883151072018,0.27864274
slug_flow,1612,0.2790507768104955,0.2783335
slug_flow,1613,0.2791444271653382,0.27017808
slug_flow,1614,0.2786749334812365,0.28088027
slug_flow,1615,0.278297017117779,0.26696107
slug_flow,1616,0.2778856721490916,0.27660418
slug_flow,1617,0.2781980538830479,0.2722358
slug_flow,1618,0.2784787531158484,0.27619854
slug_flow,1619,0.2788405904613648,0.28268018
slug_flow,1620,0.2790719306755965,0.27848646
slug_flow,1621,0.2789518655873752,0.28066522
slug_flow,1622,0.2787023621756587,0.2718212
slug_flow,1623,0.2785671357029139,0.28513902
slug_flow,1624,0.278532169040053,0.27293816
slug_flow,1625,0.2786617002414245,0.2797023
slug_flow,1626,0.2789421988580123,0.2760198
slug_flow,1627,0.279135005898934,0.28404206
slug_flow,1628,0.2791671713650464,0.28539115
slug_flow,1629,0.2790110102189886,0.27310213
slug_flow,1630,0.2788477383427231,0.27530614
slug_flow,1631,0.2788380790435903,0.2791309
slug_flow,1632,0.2788254253617263,0.2855429
slug_flow,1633,0.2789837412745136,0.27901155
slug_flow,1634,0.2792393263295687,0.2662925
slug_flow,1635,0.2792033937367945,0.2843936
slug_flow,1636,0.2793020151809409,0.27874795
slug_flow,1637,0.2791098917211886,0.26870257
slug_flow,1638,0.2791740294674307,0.26937592
slug_flow,1639,0.2790499297642639,0.27480757
slug_flow,1640,0.2790767603251629,0.2803283
slug_flow,1641,0.279406725698656,0.2735804
slug_flow,1642,0.2795036047538434,0.26795673
slug_flow,1643,0.2792734162252775,0.2793293
slug_flow,1644,0.2792121836990054,0.28214595
slug_flow,1645,0.2791691961027492,0.28718606
slug_flow,1646,0.2790786921849895,0.2772233
slug_flow,1647,0.2791527455733029,0.2670173
slug_flow,1648,0.2798310549944469,0.28610903
slug_flow,1649,0.2802382799005425,0.2794943
slug_flow,1650,0.2797987929353431,0.27177578
slug_flow,1651,0.2794377209035272,0.27823898
slug_flow,1652,0.278883574342506,0.26758626
slug_flow,1653,0.2780289938575327,0.27147487
slug_flow,1654,0.2776189789000338,0.27066982
slug_flow,1655,0.2791681372949596,0.27356815
slug_flow,1656,0.2802775003701369,0.27997366
slug_flow,1657,0.2808448950314304,0.28727257
slug_flow,1658,0.2796539691315846,0.2877084
slug_flow,1659,0.2788436352404393,0.2730615
slug_flow,1660,0.2784165296670708,0.27137306
slug_flow,1661,0.2782766454532651,0.27924493
slug_flow,1662,0.2794913236449459,0.27770036
slug_flow,1663,0.281668422727249,0.27485606
slug_flow,1664,0.2817214957463344,0.2867499
slug_flow,1665,0.280657818555475,0.2764953
slug_flow,1666,0.2798018076534409,0.2810544
slug_flow,1667,0.2792229665271427,0.2749895
slug_flow,1668,0.2787514656334185,0.27832046
slug_flow,1669,0.2795051161500607,0.27815557
slug_flow,1670,0.280965491381104,0.28209218
slug_flow,1671,0.2817736252791722,0.27110887
slug_flow,1672,0.2815442162145245,0.27964798
slug_flow,1673,0.2810187020452021,0.28363723
slug_flow,1674,0.280392290459375,0.28550375
slug_flow,1675,0.2796526477394632,0.27630138
slug_flow,1676,0.2793742860570528,0.27078226
slug_flow,1677,0.2797686172848521,0.28896365
slug_flow,1678,0.2802989376454431,0.283235
slug_flow,1679,0.280613016656247,0.2860625
slug_flow,1680,0.2807328991731,0.28328714
slug_flow,1681,0.2805625760084676,0.28463706
slug_flow,1682,0.2805712025056163,0.27319023
slug_flow,1683,0.2803382870826029,0.27766812
slug_flow,1684,0.2806297824397419,0.2855078
slug_flow,1685,0.2811181917286227,0.28782475
slug_flow,1686,0.2817507924006043,0.29289368
slug_flow,1687,0.2820065750322326,0.27997983
slug_flow,1688,0.2806602961657026,0.28628212
slug_flow,1689,0.2792361563232169,0.28241408
slug_flow,1690,0.2788164325542336,0.28557763
slug_flow,1691,0.2811160315580894,0.2850039
slug_flow,1692,0.2820720123932672,0.293873
slug_flow,1693,0.2856887437675787,0.29093462
slug_flow,1694,0.287070265026054,0.2831206
slug_flow,1695,0.2831233305108861,0.28620932
slug_flow,1696,0.278127954969341,0.2993827
slug_flow,1697,0.2759956733101394,0.28340432
slug_flow,1698,0.2780407728951676,0.28234544
slug_flow,1699,0.2788194969668834,0.27514592
slug_flow,1700,0.2796573669970395,0.2765432
slug_flow,1701,0.2828061674238591,0.28181994
slug_flow,1702,0.2848365038050877,0.27700883
slug_flow,1703,0.2803837600908283,0.29410937
slug_flow,1704,0.2791084428263186,0.27694792
slug_flow,1705,0.2781709498896811,0.26577324
slug_flow,1706,0.2777748799880379,0.26993436
slug_flow,1707,0.2798207775001695,0.28366962
slug_flow,1708,0.2828580668380999,0.28532606
slug_flow,1709,0.284128689683231,0.27219513
slug_flow,1710,0.2846476838256389,0.26503488
slug_flow,1711,0.2799777797482748,0.28752077
slug_flow,1712,0.2784896488052703,0.28271946
slug_flow,1713,0.2763480807648774,0.2806156
slug_flow,1714,0.2767418903905235,0.28081703
slug_flow,1715,0.2767197222990136,0.2730981
slug_flow,1716,0.2799647396944454,0.27220637
slug_flow,1717,0.2838037315418038,0.2758786
slug_flow,1718,0.2801368684049928,0.2717338
slug_flow,1719,0.2764569652143524,0.27484706
slug_flow,1720,0.2825916585383664,0.2689905
slug_flow,1721,0.27815269381432,0.2779305
slug_flow,1722,0.2729022465404737,0.28543776
slug_flow,1723,0.2734421047690085,0.27890632
slug_flow,1724,0.2749404069539999,0.26636896
slug_flow,1725,0.2764042833968819,0.27540365
slug_flow,1726,0.2826314307025459,0.26330483
slug_flow,1727,0.2819409598522823,0.27320227
slug_flow,1728,0.2831960650333565,0.26693493
slug_flow,1729,0.2795688436601866,0.2772716
slug_flow,1730,0.2771187479461915,0.27213505
slug_flow,1731,0.2761277038551615,0.27106416
slug_flow,1732,0.27789137113558,0.27562928
slug_flow,1733,0.2786476942576819,0.25878245
slug_flow,1734,0.2803748493873783,0.27045977
slug_flow,1735,0.2815849663827412,0.2758755
slug_flow,1736,0.2814059264436643,0.2828358
slug_flow,1737,0.2825447143445808,0.27934378
slug_flow,1738,0.2819611719357177,0.27904353
slug_flow,1739,0.2809954255491166,0.27327898
slug_flow,1740,0.28149107799517,0.2794354
slug_flow,1741,0.2818927116531137,0.27896178
slug_flow,1742,0.2823334654725454,0.2979256
slug_flow,1743,0.2832550060766651,0.2980672
slug_flow,1744,0.2838545877517382,0.28293842
slug_flow,1745,0.2839941163277122,0.29093724
slug_flow,1746,0.283720275197296,0.28302255
slug_flow,1747,0.2831556408664855,0.2783406
slug_flow,1748,0.2826614228263534,0.28211826
slug_flow,1749,0.2866112551312612,0.29026374
slug_flow,1750,0.3006332250139528,0.29699454
slug_flow,1751,0.3188051920278327,0.3084274
slug_flow,1752,0.3376330737493284,0.33080924
slug_flow,1753,0.3610569224429758,0.33332497
slug_flow,1754,0.3820814012320243,0.3692379
slug_flow,1755,0.3980535111648941,0.3910891
slug_flow,1756,0.4083994898730942,0.3827464
slug_flow,1757,0.4129869808102567,0.39437374
slug_flow,1758,0.412487546748593,0.40420088
slug_flow,1759,0.4088467637194406,0.4225247
slug_flow,1760,0.4042129805911839,0.4046933
slug_flow,1761,0.4014754386239439,0.41745007
slug_flow,1762,0.4007495422941106,0.41162446
slug_flow,1763,0.4018038306462129,0.4104164
slug_flow,1764,0.4051553418145843,0.39516795
slug_flow,1765,0.4109279563106036,0.4013433
slug_flow,1766,0.4184344632974645,0.4053591
slug_flow,1767,0.4272893118502793,0.40974078
slug_flow,1768,0.4369261289643937,0.4178403
slug_flow,1769,0.4457125172346045,0.43768653
slug_flow,1770,0.45495878473653,0.45511404
slug_flow,1771,0.4664205573840608,0.4564776
slug_flow,1772,0.4788594647318704,0.46704167
slug_flow,1773,0.4906520200782056,0.48445928
slug_flow,1774,0.5038224744458413,0.49491844
slug_flow,1775,0.518775069503487,0.4946325
slug_flow,1776,0.5328583276391765,0.5153174
slug_flow,1777,0.5490279943875609,0.5320454
slug_flow,1778,0.5715699007738837,0.56237495
slug_flow,1779,0.5983454779701332,0.574347
slug_flow,1780,0.6245299060594522,0.6055382
slug_flow,1781,0.6554435270042129,0.64619833
slug_flow,1782,0.6974238069654752,0.6929597
slug_flow,1783,0.7443940808587659,0.71595556
slug_flow,1784,0.7945982881017333,0.78953725
slug_flow,1785,0.8555409796731641,0.8322767
slug_flow,1786,0.918804800826218,0.8892543
slug_flow,1787,0.9592354877240934,0.9340298
slug_flow,1788,0.9792506663467506,0.9551787
slug_flow,1789,0.976413150633486,0.9679182
slug_flow,1790,0.9514049353995732,0.94969845
slug_flow,1791,0.9094485622036648,0.89915776
slug_flow,1792,0.8359808989291508,0.8602945
slug_flow,1793,0.7376849731635693,0.7623388
slug_flow,1794,0.6214176798788492,0.65325177
slug_flow,1795,0.4890463547833525,0.54568994
slug_flow,1796,0.3533685067051957,0.41947114
slug_flow,1797,0.2330793565515838,0.30513766
slug_flow,1798,0.0953210548186476,0.1969354
slug_flow,1799,0.0225514690924644,0.1126393
slug_flow,1800,0.0155489601861076,0.03907286
slug_flow,1801,0.0652967655450481,0.013670497
slug_flow,1802,0.1780022115931294,0.018659927
slug_flow,1803,0.2629865896086419,0.07272738
slug_flow,1804,0.309729966565302,0.096190184
slug_flow,1805,0.3152067891736257,0.13044877
slug_flow,1806,0.2477701507951825,0.18401559
slug_flow,1807,0.1867707784564401,0.21061198
slug_flow,1808,0.154626350297574,0.23113237
slug_flow,1809,0.1820414117336143,0.2395191
slug_flow,1810,0.2328309435261348,0.2575224
slug_flow,1811,0.3036793815884872,0.28548303
slug_flow,1812,0.316577950833781,0.27226046
slug_flow,1813,0.3095369737686277,0.26840824
slug_flow,1814,0.2890712612861665,0.28488022
slug_flow,1815,0.2430947698952101,0.26790938
slug_flow,1816,0.2318597203169254,0.27749032
slug_flow,1817,0.2396691477542419,0.27224824
slug_flow,1818,0.2633693151885331,0.2841874
slug_flow,1819,0.2979111137770777,0.28743833
slug_flow,1820,0.2979843554127525,0.28925943
slug_flow,1821,0.2925360035886228,0.27220148
slug_flow,1822,0.2868609721620931,0.28729567
slug_flow,1823,0.2574323960142641,0.2727479
slug_flow,1824,0.2604757272438021,0.2622322
slug_flow,1825,0.2647130927356468,0.2763314
slug_flow,1826,0.2682565100295401,0.2771681
slug_flow,1827,0.2865349708163595,0.28434712
slug_flow,1828,0.2850300182039151,0.2674454
slug_flow,1829,0.2838532837463553,0.26528302
slug_flow,1830,0.2803715893739209,0.27939504
slug_flow,1831,0.2709790994017223,0.28139287
slug_flow,1832,0.2682641601944532,0.2871581
slug_flow,1833,0.2716065867919903,0.28144777
slug_flow,1834,0.2769781326990651,0.2625001
slug_flow,1835,0.2804241842576992,0.28793308
slug_flow,1836,0.283225622488703,0.2834251
slug_flow,1837,0.2816338665846012,0.26926845
slug_flow,1838,0.2777330276247952,0.28441992
slug_flow,1839,0.2741889738520841,0.2697812
slug_flow,1840,0.2735477292050262,0.26848316
slug_flow,1841,0.2748768366915818,0.26643103
slug_flow,1842,0.2769678455454886,0.26734906
slug_flow,1843,0.2790086429476781,0.26945302
slug_flow,1844,0.2810426305439789,0.27486792
slug_flow,1845,0.2801551244803538,0.2858502
slug_flow,1846,0.2773828090362357,0.27132183
slug_flow,1847,0.2755271090682139,0.26855546
slug_flow,1848,0.2750402135198476,0.2760413
slug_flow,1849,0.2755754575754888,0.2888251
slug_flow,1850,0.2779200592540046,0.27815738
slug_flow,1851,0.2797375359330189,0.28936505
slug_flow,1852,0.280409482236225,0.27338085
slug_flow,1853,0.2790693684194054,0.28338847
slug_flow,1854,0.2772771159683558,0.26647368
slug_flow,1855,0.2760401802557689,0.27157006
slug_flow,1856,0.2763677960843574,0.27519682
slug_flow,1857,0.277356728928577,0.27979097
slug_flow,1858,0.278873684060133,0.27198413
slug_flow,1859,0.2797542845648171,0.28193235
slug_flow,1860,0.2794099940711222,0.28185916
slug_flow,1861,0.2780298224897159,0.27631053
slug_flow,1862,0.2767359180458697,0.27929735
slug_flow,1863,0.2762876618488014,0.27067003
slug_flow,1864,0.2769035609778997,0.28994146
slug_flow,1865,0.2781065841839795,0.27755678
slug_flow,1866,0.2792606811080916,0.27863714
slug_flow,1867,0.2797107595690924,0.2831801
slug_flow,1868,0.2791715914603295,0.2812014
slug_flow,1869,0.2782772564208222,0.26122066
slug_flow,1870,0.2775126077258908,0.26447725
slug_flow,1871,0.2774381568202669,0.27106994
slug_flow,1872,0.2779963937229595,0.28240114
slug_flow,1873,0.2788806096806952,0.27716982
slug_flow,1874,0.279333504496114,0.27029732
slug_flow,1875,0.2789866390642534,0.27728835
slug_flow,1876,0.2784256121101576,0.27275008
slug_flow,1877,0.2777825108343529,0.27077192
slug_flow,1878,0.2773759509338513,0.28337976
slug_flow,1879,0.277852250974092,0.27694187
slug_flow,1880,0.2786052899344887,0.2719103
slug_flow,1881,0.2791394491765351,0.27258924
slug_flow,1882,0.2791164600445989,0.2776354
slug_flow,1883,0.2789163193665663,0.2809448
slug_flow,1884,0.2784466842427274,0.27324924
slug_flow,1885,0.2779347413886865,0.27047434
slug_flow,1886,0.2780159538037035,0.27628082
slug_flow,1887,0.2783623585612976,0.2813262
slug_flow,1888,0.2787623501383888,0.28095186
slug_flow,1889,0.2789866390642534,0.28398338
slug_flow,1890,0.2790523222983568,0.28195405
slug_flow,1891,0.2787991520680849,0.27706796
slug_flow,1892,0.2786346542038526,0.27827916
slug_flow,1893,0.278498941051036,0.27018246
slug_flow,1894,0.2785754427001682,0.27880841
slug_flow,1895,0.2788587499437346,0.28469655
slug_flow,1896,0.279123154681921,0.27381995
slug_flow,1897,0.279127375052619,0.2755693
slug_flow,1898,0.2790555470182211,0.27777615
slug_flow,1899,0.2790097247891809,0.28218433
slug_flow,1900,0.2787888166180128,0.28243914
slug_flow,1901,0.2787694014267557,0.28498742
slug_flow,1902,0.278889466514977,0.28513086
slug_flow,1903,0.2791416708153356,0.2720484
slug_flow,1904,0.2793137029328916,0.27097288
slug_flow,1905,0.2792908103939468,0.28329924
slug_flow,1906,0.2792595142647563,0.276641
slug_flow,1907,0.2790219920990797,0.27151033
slug_flow,1908,0.2790584559533062,0.2771328
slug_flow,1909,0.2790087588592677,0.28365937
slug_flow,1910,0.2792649903443417,0.2805169
slug_flow,1911,0.2796538068553591,0.279593
slug_flow,1912,0.2794817561622279,0.28139657
slug_flow,1913,0.2792766112242215,0.27199423
slug_flow,1914,0.2790936640986454,0.28029162
slug_flow,1915,0.2789071430323901,0.27989736
slug_flow,1916,0.2790217431863713,0.27894786
slug_flow,1917,0.2795740210445218,0.27533355
slug_flow,1918,0.279998443218189,0.2772894
slug_flow,1919,0.280073696588664,0.28416342
slug_flow,1920,0.2796687304725194,0.27961722
slug_flow,1921,0.2789301321643263,0.27758154
slug_flow,1922,0.2786018534530664,0.2757882
slug_flow,1923,0.2783000560818908,0.2824985
slug_flow,1924,0.2786651478681919,0.2842049
slug_flow,1925,0.27955789001497,0.27546832
slug_flow,1926,0.2801912502591107,0.28119043
slug_flow,1927,0.2789165280074276,0.2785117
slug_flow,1928,0.2787140284445529,0.26985782
slug_flow,1929,0.279329096343237,0.28478852
slug_flow,1930,0.2793541095374005,0.28087968
slug_flow,1931,0.2800444703092877,0.27556938
slug_flow,1932,0.2815297945359442,0.2710063
slug_flow,1933,0.2810534537886572,0.2831399
slug_flow,1934,0.2797713556961563,0.2787025
slug_flow,1935,0.2792693616660302,0.28114867
slug_flow,1936,0.2793410133302293,0.276095
slug_flow,1937,0.2793314048695129,0.28223595
slug_flow,1938,0.2801187572191187,0.2806636
slug_flow,1939,0.281281018069219,0.2819504
slug_flow,1940,0.2816269630266916,0.26990703
slug_flow,1941,0.2810452232135049,0.28912064
slug_flow,1942,0.2805222019956498,0.28708425
slug_flow,1943,0.2801562654850639,0.27289912
slug_flow,1944,0.2798244287152417,0.2736362
slug_flow,1945,0.2798595499268888,0.2827501
slug_flow,1946,0.2802298874556421,0.2776218
slug_flow,1947,0.2804915578691509,0.28687477
slug_flow,1948,0.2803877962979659,0.29556286
slug_flow,1949,0.2802389533978282,0.28500462
slug_flow,1950,0.2802927472023066,0.29179057
slug_flow,1951,0.2802470067057975,0.27841777
slug_flow,1952,0.2805252446748767,0.27584207
slug_flow,1953,0.2808791483922015,0.29081875
slug_flow,1954,0.2814484607283368,0.27568847
slug_flow,1955,0.2814969460193932,0.27551323
slug_flow,1956,0.2820475919288231,0.27728918
slug_flow,1957,0.2797219338921431,0.2792904
slug_flow,1958,0.2799704298997528,0.28297472
slug_flow,1959,0.2805997903159344,0.275467
slug_flow,1960,0.2800119736672051,0.2858453
slug_flow,1961,0.2811881575447144,0.28368708
slug_flow,1962,0.2808016213713152,0.2753946
slug_flow,1963,0.281141821886774,0.29347518
slug_flow,1964,0.2846118888778773,0.2802766
slug_flow,1965,0.2858324379163037,0.2847965
slug_flow,1966,0.2841111042392097,0.2839321
slug_flow,1967,0.2824964661454122,0.2837355
slug_flow,1968,0.2778820568114162,0.28658044
slug_flow,1969,0.278687559565103,0.28591397
slug_flow,1970,0.2753683070060856,0.26956517
slug_flow,1971,0.2817094988968114,0.28149903
slug_flow,1972,0.2801229590142415,0.2815389
slug_flow,1973,0.2839354360854801,0.28907564
slug_flow,1974,0.2803602879939355,0.29128778
slug_flow,1975,0.2823606322513566,0.28312537
slug_flow,1976,0.2812713530881455,0.28259593
slug_flow,1977,0.2783420353959221,0.27178076
slug_flow,1978,0.280876500258193,0.2709584
slug_flow,1979,0.2787483634732444,0.2909611
slug_flow,1980,0.2804896018610765,0.27895153
slug_flow,1981,0.2806005727191641,0.27325797
slug_flow,1982,0.2788524231028025,0.27469173
slug_flow,1983,0.2789580475388202,0.28572834
slug_flow,1984,0.2795031217888867,0.28793424
slug_flow,1985,0.278720196956973,0.2813357
slug_flow,1986,0.2779761314854708,0.28674865
slug_flow,1987,0.2825192862396136,0.27599367
slug_flow,1988,0.2768690309153596,0.28642714
slug_flow,1989,0.2810659722403334,0.27031675
slug_flow,1990,0.2766332667421251,0.28193575
slug_flow,1991,0.2742473280929703,0.27310103
slug_flow,1992,0.2765228174861905,0.2777823
slug_flow,1993,0.2785172937193885,0.2839332
slug_flow,1994,0.2773717249904808,0.2832602
slug_flow,1995,0.2785997068595899,0.2810314
slug_flow,1996,0.2786444342442246,0.2829286
slug_flow,1997,0.2792292806584706,0.2843147
slug_flow,1998,0.2802354512119426,0.28616574
slug_flow,1999,0.2788928472696735,0.28221014
slug_flow,2000,0.2811155244448849,0.2754495
slug_flow,2001,0.2794359655116656,0.281345
slug_flow,2002,0.2782288477286834,0.2828117
slug_flow,2003,0.2788002628874852,0.27734256
slug_flow,2004,0.2785622819050997,0.27844343
slug_flow,2005,0.2795975317786112,0.2741996
slug_flow,2006,0.2826177386460251,0.2839883
slug_flow,2007,0.2840938727395067,0.29033512
slug_flow,2008,0.282680330904406,0.27515063
slug_flow,2009,0.2823734984378016,0.2915905
slug_flow,2010,0.2815660583046886,0.2824083
slug_flow,2011,0.2811944167705524,0.27561647
slug_flow,2012,0.2816521226599623,0.28395528
slug_flow,2013,0.2830115482716713,0.27457455
slug_flow,2014,0.2839354360854801,0.2849728
slug_flow,2015,0.2843794499183693,0.27129036
slug_flow,2016,0.2842121460277388,0.26808012
slug_flow,2017,0.2832775653697899,0.2938285
slug_flow,2018,0.2850053725021777,0.3007335
slug_flow,2019,0.2978144869782022,0.31274718
slug_flow,2020,0.3140801285227705,0.33362907
slug_flow,2021,0.3318654579406104,0.3281831
slug_flow,2022,0.3553062587042359,0.3623439
slug_flow,2023,0.3770205563408566,0.3658269
slug_flow,2024,0.3943423118450633,0.3758353
slug_flow,2025,0.4060268520788453,0.38493377
slug_flow,2026,0.4119437765039094,0.3938967
slug_flow,2027,0.4123858343287241,0.40186456
slug_flow,2028,0.4090893087206664,0.4013174
slug_flow,2029,0.404319257029893,0.41236222
slug_flow,2030,0.4006334858150294,0.4153954
slug_flow,2031,0.3995298625926061,0.42216468
slug_flow,2032,0.400057767438464,0.42430222
slug_flow,2033,0.4027646652792049,0.4142813
slug_flow,2034,0.4080324123577982,0.41832712
slug_flow,2035,0.4152544288369489,0.4306368
slug_flow,2036,0.4240527704898366,0.43068323
slug_flow,2037,0.4337704359376929,0.4295433
slug_flow,2038,0.4426750540292897,0.4414
slug_flow,2039,0.4535904484213711,0.43868062
slug_flow,2040,0.4650578717588945,0.45487514
slug_flow,2041,0.475575979177642,0.4502347
slug_flow,2042,0.486974724898331,0.4655635
slug_flow,2043,0.4995366434205974,0.47293156
slug_flow,2044,0.513698141879263,0.48679766
slug_flow,2045,0.5299025821045256,0.4987584
slug_flow,2046,0.5453506992076864,0.5250061
slug_flow,2047,0.5632416530615438,0.5530545
slug_flow,2048,0.5882872497831004,0.5923763
slug_flow,2049,0.6182532934829288,0.6203141
slug_flow,2050,0.6477803220371694,0.6791335
slug_flow,2051,0.6816540352011907,0.7281079
slug_flow,2052,0.726885635250569,0.7596231
slug_flow,2053,0.7760640249256283,0.81486714
slug_flow,2054,0.8362417000057376,0.85734844
slug_flow,2055,0.9031176160695192,0.8936894
slug_flow,2056,0.949331566840708,0.89690477
slug_flow,2057,0.974921368475409,0.8951783
slug_flow,2058,0.979186770082987,0.8935242
slug_flow,2059,0.9610936953947746,0.8477549
slug_flow,2060,0.9233818597203168,0.83641255
slug_flow,2061,0.859133514503148,0.807188
slug_flow,2062,0.767879217805411,0.4029622
slug_flow,2063,0.6627633438870837,0.390351
slug_flow,2064,0.5486454861419001,0.38989353
slug_flow,2065,0.4157925483916398,0.39660847
slug_flow,2066,0.2736256217932334,0.37776572
slug_flow,2067,0.1236927346036084,0.3715315
slug_flow,2068,0.035821897206125,0.3661543
slug_flow,2069,0.0090250212552877,0.34573483
slug_flow,2070,0.048033472948843,0.3425025
slug_flow,2071,0.1450014865661365,0.3224414
slug_flow,2072,0.2445090071998484,0.30461565
slug_flow,2073,0.2912826370813925,0.28529766
slug_flow,2074,0.3272914417257381,0.2790085
slug_flow,2075,0.2610045014265819,0.25653622
slug_flow,2076,0.1886356800214204,0.25106245
slug_flow,2077,0.1529659167766378,0.24956329
slug_flow,2078,0.1667961978680381,0.24255912
slug_flow,2079,0.2116124287361058,0.2290861
slug_flow,2080,0.2860433607869933,0.2329741
slug_flow,2081,0.3184042103725804,0.23460868
slug_flow,2082,0.3121441151975742,0.24319251
slug_flow,2083,0.2999068940156585,0.23732048
slug_flow,2084,0.2546119193046696,0.25252053
slug_flow,2085,0.2327706332771741,0.2567637
slug_flow,2086,0.2346287322807402,0.26227006
slug_flow,2087,0.2551066154801087,0.26824105
slug_flow,2088,0.2898197603759708,0.27605775
slug_flow,2089,0.3022527996995571,0.28197643
slug_flow,2090,0.2927329084014459,0.27192152
slug_flow,2091,0.2925366555913143,0.27203345
slug_flow,2092,0.264094124847214,0.2825796
slug_flow,2093,0.2576088714094212,0.27606788
slug_flow,2094,0.2647763369967191,0.27517155
slug_flow,2095,0.2691988712529405,0.27393314
slug_flow,2096,0.2773313008236098,0.27709413
slug_flow,2097,0.2858197238638201,0.28019038
slug_flow,2098,0.2892972454190291,0.27336007
slug_flow,2099,0.2751073196430155,0.27354246
slug_flow,2100,0.2758086137379575,0.27093434
slug_flow,2101,0.2684905355289306,0.2732821
slug_flow,2102,0.2723999436669674,0.27323952
slug_flow,2103,0.2741848662351278,0.27525565
slug_flow,2104,0.2788206923051511,0.2730948
slug_flow,2105,0.2840862660414395,0.27378422
slug_flow,2106,0.2806607059959657,0.27702373
slug_flow,2107,0.2772602325302399,0.27834085
slug_flow,2108,0.2750929755838032,0.27648532
slug_flow,2109,0.2736364015710657,0.26874995
slug_flow,2110,0.2741850618359353,0.27787012
slug_flow,2111,0.2768922132332784,0.28296956
slug_flow,2112,0.2792193702175602,0.2779633
slug_flow,2113,0.2802557936959163,0.28153092
slug_flow,2114,0.2797345234713856,0.27549428
slug_flow,2115,0.2776414762858323,0.27421278
slug_flow,2116,0.2757875089123752,0.28355315
slug_flow,2117,0.2758246229117357,0.2887186
slug_flow,2118,0.2761648680085751,0.27154112
slug_flow,2119,0.2775780838423301,0.27552292
slug_flow,2120,0.2792527527553634,0.2757369
slug_flow,2121,0.2798105602344632,0.27278358
slug_flow,2122,0.2785341771575043,0.2870282
slug_flow,2123,0.277399280683178,0.27250016
slug_flow,2124,0.2768051346515958,0.27651334
slug_flow,2125,0.2768199754747635,0.28264123
slug_flow,2126,0.2775734309140319,0.27883607
slug_flow,2127,0.2788007370712608,0.2653901
slug_flow,2128,0.279405151297508,0.28571358
slug_flow,2129,0.278848619753769,0.28390852
slug_flow,2130,0.2778895568672211,0.2700874
slug_flow,2131,0.2770399642876392,0.27561352
slug_flow,2132,0.2766540265078214,0.28129435
slug_flow,2133,0.2771017697961057,0.27953976
slug_flow,2134,0.2781959867930335,0.28702992
slug_flow,2135,0.2790530834511285,0.28776813
slug_flow,2136,0.2792796674264671,0.28285623
slug_flow,2137,0.2789005709938648,0.28599355
slug_flow,2138,0.2783048411500766,0.27447045
slug_flow,2139,0.2777246590627772,0.27810523
slug_flow,2140,0.277634482075142,0.28465778
slug_flow,2141,0.2781811612549106,0.26812723
slug_flow,2142,0.2788523748063069,0.2667232
slug_flow,2143,0.2791884552591741,0.27676725
slug_flow,2144,0.2787298948933024,0.28135484
slug_flow,2145,0.2783561766098526,0.27867666
slug_flow,2146,0.2778261708664333,0.2737396
slug_flow,2147,0.2774980630504658,0.27826545
slug_flow,2148,0.2779347413886865,0.27674273
slug_flow,2149,0.278632722344026,0.27241609
slug_flow,2150,0.2790427595922153,0.28841802
slug_flow,2151,0.2789584201117868,0.27990305
slug_flow,2152,0.2789117794959739,0.2779318
slug_flow,2153,0.2783294203512546,0.2816469
slug_flow,2154,0.2780719034363729,0.28085425
slug_flow,2155,0.2780495904553761,0.27523646
slug_flow,2156,0.2785076344202556,0.28254777
slug_flow,2157,0.2787499082180826,0.2772295
slug_flow,2158,0.2789240468058726,0.27696577
slug_flow,2159,0.2789865424712621,0.27999604
slug_flow,2160,0.2786992749150513,0.280857
slug_flow,2161,0.2785032877356458,0.2804386
slug_flow,2162,0.2785494926215363,0.2736845
slug_flow,2163,0.2787090308071754,0.27619946
slug_flow,2164,0.2788464826338359,0.2719858
slug_flow,2165,0.2790711950828163,0.27195174
slug_flow,2166,0.279194410588601,0.2906634
slug_flow,2167,0.2790132021368688,0.28101224
slug_flow,2168,0.2787905330011664,0.2783006
slug_flow,2169,0.2788310277552233,0.27879968
slug_flow,2170,0.2788337323589805,0.28125966
slug_flow,2171,0.2788643523372316,0.28703457
slug_flow,2172,0.2790573451339059,0.2849289
slug_flow,2173,0.2794079776924282,0.28354594
slug_flow,2174,0.279184106186276,0.2792527
slug_flow,2175,0.2792372012837595,0.28055832
slug_flow,2176,0.2791343891898355,0.27062172
slug_flow,2177,0.2790472028698164,0.27865916
slug_flow,2178,0.2789173224476301,0.2719439
slug_flow,2179,0.2792688837849152,0.28298333
slug_flow,2180,0.2795534764582892,0.28594452
slug_flow,2181,0.2794855418644649,0.28082445
slug_flow,2182,0.2793585778075938,0.28893316
slug_flow,2183,0.279219138394381,0.27340382
slug_flow,2184,0.2790066969704143,0.2830929
slug_flow,2185,0.2789072396253815,0.2859282
slug_flow,2186,0.2793696116992955,0.27781296
slug_flow,2187,0.2799835753277545,0.2829356
slug_flow,2188,0.2799332429490422,0.29046538
slug_flow,2189,0.2798158898948083,0.28153467
slug_flow,2190,0.2793697120074019,0.28040418
slug_flow,2191,0.2787257413946753,0.27619115
slug_flow,2192,0.2779919801662787,0.27461168
slug_flow,2193,0.2784707358975681,0.2871805
slug_flow,2194,0.2791121133599891,0.2826196
slug_flow,2195,0.2797661296438139,0.27450633
slug_flow,2196,0.2791442595075032,0.2826587
slug_flow,2197,0.2793256636650353,0.2827366
slug_flow,2198,0.2796713951791715,0.276305
slug_flow,2199,0.2794259483794058,0.27877557
slug_flow,2200,0.2800147886629524,0.27604857
slug_flow,2201,0.2810101794385922,0.279816
slug_flow,2202,0.2804842306008087,0.28005695
slug_flow,2203,0.2797108498463881,0.26977682
slug_flow,2204,0.2796103247577364,0.27361453
slug_flow,2205,0.2795898381468519,0.2831347
slug_flow,2206,0.2794929795247972,0.2843346
slug_flow,2207,0.2801768121488279,0.28615513
slug_flow,2208,0.281004108690843,0.27181068
slug_flow,2209,0.2811531232667595,0.28858092
slug_flow,2210,0.2808571683783911,0.27867043
slug_flow,2211,0.2806331575124977,0.27753502
slug_flow,2212,0.2802545548908026,0.2888196
slug_flow,2213,0.280046283497725,0.28426468
slug_flow,2214,0.2801660781255705,0.28421596
slug_flow,2215,0.2803451615314934,0.27460912
slug_flow,2216,0.2803229065062914,0.27920258
slug_flow,2217,0.2802573957596725,0.28227255
slug_flow,2218,0.2800913285246965,0.28727287
slug_flow,2219,0.2800275182393096,0.28921852
slug_flow,2220,0.2803100001966039,0.27785736
slug_flow,2221,0.2805527458140424,0.27715626
slug_flow,2222,0.2809629558150816,0.2893632
slug_flow,2223,0.2811170457844983,0.282725
slug_flow,2224,0.2818357700847256,0.2868284
slug_flow,2225,0.2806764895416397,0.2862073
slug_flow,2226,0.2810522801838126,0.2854561
slug_flow,2227,0.2814847357871711,0.28613946
slug_flow,2228,0.2808944955324776,0.2771828
slug_flow,2229,0.2788871096459886,0.2840962
slug_flow,2230,0.2791110508370845,0.28040752
slug_flow,2231,0.2812406365169031,0.28277197
slug_flow,2232,0.2844484897589213,0.28091815
slug_flow,2233,0.2839802069369609,0.28723234
slug_flow,2234,0.28393315407606,0.2833647
slug_flow,2235,0.2812853711460121,0.28378764
slug_flow,2236,0.2798082590484934,0.28333876
slug_flow,2237,0.2763334107043194,0.2827812
slug_flow,2238,0.2800623538116822,0.29247528
slug_flow,2239,0.2795113183941509,0.28231084
slug_flow,2240,0.2824801660781256,0.2829884
slug_flow,2241,0.2805720336299263,0.28902957
slug_flow,2242,0.282431483210496,0.28841045
slug_flow,2243,0.279816083080791,0.28108045
slug_flow,2244,0.2797065466286245,0.28509372
slug_flow,2245,0.2793957586790251,0.28412974
slug_flow,2246,0.2794420943369654,0.28911752
slug_flow,2247,0.2817762639724177,0.2913585
slug_flow,2248,0.2849961140639588,0.28425062
slug_flow,2249,0.2809570877908584,0.28433707
slug_flow,2250,0.2811409525498521,0.27192444
slug_flow,2251,0.2792351486826938,0.2682744
slug_flow,2252,0.2766134458603045,0.2894104
slug_flow,2253,0.2761820808796298,0.28529605
slug_flow,2254,0.2800553680685594,0.28582796
slug_flow,2255,0.2799888637940297,0.27472162
slug_flow,2256,0.280132956388844,0.27711636
slug_flow,2257,0.282381713671714,0.29748335
slug_flow,2258,0.2782564926428016,0.2857322
slug_flow,2259,0.274650265756297,0.2785186
slug_flow,2260,0.2783190849011825,0.26998925
slug_flow,2261,0.2742597161441082,0.2720759
slug_flow,2262,0.2750049552204551,0.28258562
slug_flow,2263,0.2790107293562908,0.27695182
slug_flow,2264,0.2812856971473578,0.29328477
slug_flow,2265,0.2799073634575963,0.2899173
slug_flow,2266,0.2815725783316034,0.27022114
slug_flow,2267,0.2778350381030373,0.2761871
slug_flow,2268,0.2774206251923408,0.28083226
slug_flow,2269,0.2780067756119697,0.28304428
slug_flow,2270,0.2775523297360172,0.27931756
slug_flow,2271,0.2800315047700517,0.27215722
slug_flow,2272,0.2809218796455192,0.28338867
slug_flow,2273,0.2795311579046198,0.29154292
slug_flow,2274,0.279716978671688,0.28599903
slug_flow,2275,0.2811944167705524,0.28304255
slug_flow,2276,0.2824593019919986,0.28116322
slug_flow,2277,0.2819410902528205,0.2791048
slug_flow,2278,0.2818249033732011,0.27793774
slug_flow,2279,0.2820185481725669,0.27353957
slug_flow,2280,0.2818998836827198,0.27308717
slug_flow,2281,0.2820673179738886,0.26857665
slug_flow,2282,0.2830597964708398,0.28235266
slug_flow,2283,0.2837026711246264,0.2847919
slug_flow,2284,0.2839789898652701,0.2906522
slug_flow,2285,0.2838109035714099,0.28123906
slug_flow,2286,0.2832084530844943,0.30548006
slug_flow,2287,0.2829926401936187,0.30115157
slug_flow,2288,0.2918619632061841,0.319776
slug_flow,2289,0.3044793888909173,0.31863114
slug_flow,2290,0.3232296822921285,0.33817962
slug_flow,2291,0.3431555365460549,0.33578393
slug_flow,2292,0.3690095296713385,0.3539719
slug_flow,2293,0.3907386929693245,0.3770666
slug_flow,2294,0.4040206397972011,0.3849478
slug_flow,2295,0.4116432032631431,0.38831085
slug_flow,2296,0.4136922303881937,0.39611405
slug_flow,2297,0.4120474449318527,0.40663412
slug_flow,2298,0.4078961437952816,0.41075802
slug_flow,2299,0.4033601610707449,0.41357306
slug_flow,2300,0.4010422915025793,0.4083465
slug_flow,2301,0.4006695632972906,0.4234129
slug_flow,2302,0.4023436888747477,0.41700095
slug_flow,2303,0.4063263386484593,0.4297417
slug_flow,2304,0.412625771319184,0.43238693
slug_flow,2305,0.4205304346163008,0.41989812
slug_flow,2306,0.4296286975072633,0.41918686
slug_flow,2307,0.43945763808113,0.42608994
slug_flow,2308,0.4483918136280733,0.41798145
slug_flow,2309,0.4577980391236388,0.42504233
slug_flow,2310,0.469520830181987,0.44709456
slug_flow,2311,0.4823098629751143,0.47300628
slug_flow,2312,0.4945205693809104,0.48705608
slug_flow,2313,0.5082039325325002,0.5174254
slug_flow,2314,0.5210049187083045,0.5198114
slug_flow,2315,0.5355445787280211,0.5570522
slug_flow,2316,0.5556349549944276,0.5949466
slug_flow,2317,0.5794373999175869,0.6394889
slug_flow,2318,0.6025574153570106,0.6909839
slug_flow,2319,0.6297893944372869,0.74848306
slug_flow,2320,0.6680836858494552,0.7780286
slug_flow,2321,0.711741786070093,0.8127676
slug_flow,2322,0.7599812918694395,0.8276162
slug_flow,2323,0.8109418222345088,0.8485296
slug_flow,2324,0.8720953280095141,0.8734949
slug_flow,2325,0.9305669293802844,0.85220385
slug_flow,2326,0.9677806349984612,0.83938515
slug_flow,2327,0.9809406573230336,0.80660075
slug_flow,2328,0.9720160444822316,0.7714393
slug_flow,2329,0.9428180599529514,0.719251
slug_flow,2330,0.8841208656509334,0.6980708
slug_flow,2331,0.7890693052780922,0.66757566
slug_flow,2332,0.6926424538947162,0.6268762
slug_flow,2333,0.5851576368640584,0.58078396
slug_flow,2334,0.4618226344038348,0.53465533
slug_flow,2335,0.325449316788113,0.46217164
slug_flow,2336,0.1731279698722596,0.4154541
slug_flow,2337,0.0739305851854556,0.3700932
slug_flow,2338,0.0186811811159156,0.3165767
slug_flow,2339,0.0292236299684778,0.27399373
slug_flow,2340,0.1022470620758722,0.22838518
slug_flow,2341,0.218031177899369,0.21068549
slug_flow,2342,0.2762048575069851,0.16324787
slug_flow,2343,0.3216790025575892,0.14871538
slug_flow,2344,0.2957049540033835,0.13215312
slug_flow,2345,0.2263246521348307,0.17526637
slug_flow,2346,0.1713993368697959,0.18129
slug_flow,2347,0.1574638660108389,0.19628797
slug_flow,2348,0.1968126631093399,0.22205125
slug_flow,2349,0.2543324274842606,0.22852927
slug_flow,2350,0.3131960128731411,0.23907238
slug_flow,2351,0.3145723905548282,0.26173693
slug_flow,2352,0.3074827306220453,0.26556242
slug_flow,2353,0.2764836973247025,0.3068272
slug_flow,2354,0.2366141239431036,0.28719965
slug_flow,2355,0.2326242586729398,0.29453805
slug_flow,2356,0.2487902090059827,0.29400936
slug_flow,2357,0.2750295139885004,0.28848252
slug_flow,2358,0.3020663269297975,0.29250187
slug_flow,2359,0.2938980372110976,0.28671622
slug_flow,2360,0.2942435986375752,0.28210995
slug_flow,2361,0.2786783383841809,0.26184738
slug_flow,2362,0.2555911404135609,0.27314034
slug_flow,2363,0.2618227648043731,0.27273756
slug_flow,2364,0.2675877726023253,0.2796878
slug_flow,2365,0.2744768330403668,0.26374036
slug_flow,2366,0.2843018615980847,0.27417716
slug_flow,2367,0.29217479409755,0.27528065
slug_flow,2368,0.2772830526244412,0.2821803
slug_flow,2369,0.2785981420531304,0.2748981
slug_flow,2370,0.2672930673857822,0.27371415
slug_flow,2371,0.2730696808316424,0.28607523
slug_flow,2372,0.2700551681210673,0.27795085
slug_flow,2373,0.278491735213883,0.27465415
slug_flow,2374,0.2825618837487894,0.27552393
slug_flow,2375,0.282109642262889,0.30064243
slug_flow,2376,0.2793531611698493,0.2773424
slug_flow,2377,0.2768518925588982,0.28215057
slug_flow,2378,0.2740396652357381,0.2768034
slug_flow,2379,0.2735174110798729,0.2752151
slug_flow,2380,0.2754893932202152,0.2888981
slug_flow,2381,0.2780601094321317,0.2925966
slug_flow,2382,0.2792333375641063,0.27248907
slug_flow,2383,0.279828174767069,0.29047906
slug_flow,2384,0.2790317831159279,0.2780216
slug_flow,2385,0.2768346921069423,0.26528528
slug_flow,2386,0.2756593151524222,0.2732961
slug_flow,2387,0.2764845356138773,0.27455175
slug_flow,2388,0.2769111068223823,0.27042085
slug_flow,2389,0.2781140952549852,0.2668514
slug_flow,2390,0.2796321416155982,0.2632699
slug_flow,2391,0.2793251974988597,0.2737192
slug_flow,2392,0.2779597284703907,0.27433366
slug_flow,2393,0.2771700502632306,0.28288084
slug_flow,2394,0.2767237274584041,0.2794981
slug_flow,2395,0.2770970455708898,0.2566721
slug_flow,2396,0.2780095614416514,0.27879918
slug_flow,2397,0.279140608292431,0.2790863
slug_flow,2398,0.2792195289660417,0.26511976
slug_flow,2399,0.2785143597072769,0.27562234
slug_flow,2400,0.2774971268414729,0.28288907
slug_flow,2401,0.2768392561257826,0.2701585
slug_flow,2402,0.2767791632110524,0.26117802
slug_flow,2403,0.2775354298262543,0.26694387
slug_flow,2404,0.27854712936255,0.2779686
slug_flow,2405,0.2792109242750031,0.28334737
slug_flow,2406,0.2791923512260258,0.29161036
slug_flow,2407,0.2786914285920634,0.2771842
slug_flow,2408,0.2780722266513824,0.27508017
slug_flow,2409,0.2776429079560779,0.28645203
slug_flow,2410,0.2778611783955598,0.28044936
slug_flow,2411,0.2784173199733635,0.27540433
slug_flow,2412,0.2791872515618975,0.29159188
slug_flow,2413,0.2788519884343416,0.27662066
slug_flow,2414,0.2786270233575376,0.2757466
slug_flow,2415,0.278138730925912,0.26129973
slug_flow,2416,0.2776906508995995,0.27529824
slug_flow,2417,0.2776319223608718,0.28288653
slug_flow,2418,0.2783262327825407,0.2827182
slug_flow,2419,0.2788646421162056,0.2741936
slug_flow,2420,0.2790030598727793,0.27876484
slug_flow,2421,0.2789461666008868,0.28469372
slug_flow,2422,0.2786364239254437,0.28265947
slug_flow,2423,0.2782760044270499,0.28156468
slug_flow,2424,0.277957975718216,0.27883437
slug_flow,2425,0.278346903682685,0.29023927
slug_flow,2426,0.2785781473039254,0.27615538
slug_flow,2427,0.2788181808873766,0.2850314
slug_flow,2428,0.2789589168757422,0.2882608
slug_flow,2429,0.2788702445097026,0.28436562
slug_flow,2430,0.2786631417060644,0.27168998
slug_flow,2431,0.2785820110235785,0.27709502
slug_flow,2432,0.2786125344088383,0.28175378
slug_flow,2433,0.2787604182785622,0.28678238
slug_flow,2434,0.278966172495437,0.28395557
slug_flow,2435,0.2791287273544977,0.2739725
slug_flow,2436,0.2790783169583693,0.28699666
slug_flow,2437,0.2789632635603519,0.28284255
slug_flow,2438,0.2788641591512489,0.26130128
slug_flow,2439,0.2788226241649778,0.27872872
slug_flow,2440,0.2788305447902667,0.27624336
slug_flow,2441,0.2790009348269701,0.27044535
slug_flow,2442,0.2792510140815195,0.27565184
slug_flow,2443,0.2793086800973425,0.2726734
slug_flow,2444,0.2793443229111427,0.2834975
slug_flow,2445,0.2791734499094827,0.26780188
slug_flow,2446,0.2789553429350631,0.2778007
slug_flow,2447,0.2790787181907949,0.26991954
slug_flow,2448,0.2790392822445274,0.2835729
slug_flow,2449,0.2793936856448266,0.2748204
slug_flow,2450,0.279513252907631,0.28806683
slug_flow,2451,0.2794233359780494,0.280245
slug_flow,2452,0.2792149365992583,0.28725785
slug_flow,2453,0.2791205169502347,0.27415898
slug_flow,2454,0.2790178311702224,0.28293455
slug_flow,2455,0.2792641507283401,0.28441203
slug_flow,2456,0.2796851810019656,0.2875684
slug_flow,2457,0.2801100155534035,0.277188
slug_flow,2458,0.2799058588360006,0.27782682
slug_flow,2459,0.2795366395568777,0.29113668
slug_flow,2460,0.2792577681606824,0.2856588
slug_flow,2461,0.2781870422820365,0.28667393
slug_flow,2462,0.2777575898425901,0.2916762
slug_flow,2463,0.2785150869410481,0.27886888
slug_flow,2464,0.2797863324394618,0.27522597
slug_flow,2465,0.2801856478656136,0.27458656
slug_flow,2466,0.2791670013613816,0.28278098
slug_flow,2467,0.2797249212499295,0.27582318
slug_flow,2468,0.2793912041094992,0.2765235
slug_flow,2469,0.2788483868956649,0.28227344
slug_flow,2470,0.2799088537494625,0.28942534
slug_flow,2471,0.2813179247089646,0.28688276
slug_flow,2472,0.280639171278499,0.27920455
slug_flow,2473,0.2799009120625439,0.2851341
slug_flow,2474,0.2798592456589661,0.28844517
slug_flow,2475,0.2796485908338274,0.2734404
slug_flow,2476,0.2793315421332375,0.2783125
slug_flow,2477,0.2801500533483091,0.2823205
slug_flow,2478,0.281162430285571,0.27185556
slug_flow,2479,0.2812782566460552,0.28718913
slug_flow,2480,0.2809083505896712,0.2731879
slug_flow,2481,0.2807068817580079,0.2811177
slug_flow,2482,0.2803857704324604,0.28380424
slug_flow,2483,0.2799084066619027,0.2737252
slug_flow,2484,0.2798355562278428,0.27204296
slug_flow,2485,0.2800511766226857,0.28591293
slug_flow,2486,0.2802437968463934,0.2808335
slug_flow,2487,0.2802680714081372,0.27848145
slug_flow,2488,0.2803989734869626,0.27566
slug_flow,2489,0.2804570518805563,0.27511257
slug_flow,2490,0.2805208478362137,0.2896144
slug_flow,2491,0.2806915053612008,0.28593037
slug_flow,2492,0.2809451344081815,0.2770691
slug_flow,2493,0.2813485067399691,0.2847943
slug_flow,2494,0.2815293090620787,0.27941564
slug_flow,2495,0.2811485394902619,0.282232
slug_flow,2496,0.2802027799498029,0.28820705
slug_flow,2497,0.279113484980466,0.27522087
slug_flow,2498,0.2798510304250536,0.27949795
slug_flow,2499,0.2823357112595939,0.28470358
slug_flow,2500,0.2818730211718314,0.2864648
slug_flow,2501,0.281247554989907,0.27124345
slug_flow,2502,0.284888953799379,0.2975771
slug_flow,2503,0.2865574649092151,0.29114348
slug_flow,2504,0.2817890432251704,0.28213865
slug_flow,2505,0.2804867144205857,0.27243012
slug_flow,2506,0.2796103762316331,0.28362858
slug_flow,2507,0.2755277682357701,0.28556138
slug_flow,2508,0.2765534616126895,0.29115975
slug_flow,2509,0.2815304154908885,0.29282922
slug_flow,2510,0.2823354214806198,0.28203136
slug_flow,2511,0.2829774267974845,0.29129902
slug_flow,2512,0.2822655267920946,0.2765816
slug_flow,2513,0.2818425074458707,0.27861226
slug_flow,2514,0.2794118414120813,0.28388917
slug_flow,2515,0.2788239957854546,0.2794281
slug_flow,2516,0.2801843342009316,0.27101785
slug_flow,2517,0.278458874278233,0.28636712
slug_flow,2518,0.2821424286839456,0.28941175
slug_flow,2519,0.2799094498662091,0.28419787
slug_flow,2520,0.2802561848975312,0.28234315
slug_flow,2521,0.2799584804686074,0.2828294
slug_flow,2522,0.2793029569626063,0.27368912
slug_flow,2523,0.2774473573026909,0.26939613
slug_flow,2524,0.2791275682386017,0.28662315
slug_flow,2525,0.2803944094681223,0.27968335
slug_flow,2526,0.2785783211713098,0.27530447
slug_flow,2527,0.2771030998815963,0.27405864
slug_flow,2528,0.2767034222317269,0.280018
slug_flow,2529,0.2768162186973508,0.27971026
slug_flow,2530,0.2767060302424928,0.28973833
slug_flow,2531,0.2774923454884022,0.27724028
slug_flow,2532,0.2792840488845538,0.28191766
slug_flow,2533,0.277881591095208,0.27872676
slug_flow,2534,0.2812870011527407,0.28668806
slug_flow,2535,0.2790743648189779,0.2936709
slug_flow,2536,0.2818522874862427,0.2745928
slug_flow,2537,0.2787128945268286,0.28255358
slug_flow,2538,0.2776364380832164,0.26965776
slug_flow,2539,0.2790879264749605,0.26802695
slug_flow,2540,0.2778783310817507,0.28942174
slug_flow,2541,0.2783164768904166,0.2754641
slug_flow,2542,0.2795886645420072,0.27143514
slug_flow,2543,0.2810829243103115,0.28093302
slug_flow,2544,0.2805737102082757,0.28984484
slug_flow,2545,0.282431917878957,0.28833216
slug_flow,2546,0.2821231294042782,0.2908321
slug_flow,2547,0.2818816276073588,0.29203108
slug_flow,2548,0.2819103157257833,0.27732566
slug_flow,2549,0.2822154529853899,0.28698766
slug_flow,2550,0.2823804096663311,0.27483335
slug_flow,2551,0.2829157038760256,0.2786756
slug_flow,2552,0.2834457820641883,0.26425183
slug_flow,2553,0.2836832414444207,0.27794534
slug_flow,2554,0.2837991675229635,0.27908066
slug_flow,2555,0.2833362456120218,0.2996696
slug_flow,2556,0.2830135042797457,0.29566407
slug_flow,2557,0.2903954787525363,0.2885037
slug_flow,2558,0.3017553216459677,0.31099063
slug_flow,2559,0.3195667311714663,0.33525705
slug_flow,2560,0.3397382600395374,0.33409387
slug_flow,2561,0.3662442558562881,0.3484585
slug_flow,2562,0.3862789945596895,0.37986732
slug_flow,2563,0.4007925744717474,0.3909188
slug_flow,2564,0.4098267237647157,0.39686653
slug_flow,2565,0.4130652211332328,0.40644893
slug_flow,2566,0.4114136983157467,0.4087758
slug_flow,2567,0.4077746539604382,0.42324376
slug_flow,2568,0.4035792339750779,0.41962382
slug_flow,2569,0.4005917576427755,0.40923858
slug_flow,2570,0.4000029992123807,0.4177758
slug_flow,2571,0.4013719875302312,0.4086259
slug_flow,2572,0.4053109531236145,0.4032438
slug_flow,2573,0.4114901999648788,0.4089554
slug_flow,2574,0.4195682959779258,0.41305345
slug_flow,2575,0.4288334715579039,0.43022186
slug_flow,2576,0.4374416457591137,0.42369595
slug_flow,2577,0.4480301694685396,0.43388826
slug_flow,2578,0.4591072605281048,0.45983362
slug_flow,2579,0.4691046351306005,0.47830096
slug_flow,2580,0.4797913939122074,0.4857753
slug_flow,2581,0.4914518100464052,0.48754752
slug_flow,2582,0.504422316921991,0.4890973
slug_flow,2583,0.5191662711183672,0.50743246
slug_flow,2584,0.5361705013118294,0.5177543
slug_flow,2585,0.5524836086523366,0.5249712
slug_flow,2586,0.5714742737124685,0.5582767
slug_flow,2587,0.598128143739644,0.5685761
slug_flow,2588,0.6242430248752067,0.6097689
slug_flow,2589,0.6550957922354304,0.65098834
slug_flow,2590,0.6970152186121559,0.7041488
slug_flow,2591,0.7439420256593487,0.7663874
slug_flow,2592,0.8027613617989016,0.83243793
slug_flow,2593,0.8639105208892968,0.8906344
slug_flow,2594,0.9239869182179984,0.938808
slug_flow,2595,0.965207832377932,0.978363
slug_flow,2596,0.9799952534204062,1.0047901
slug_flow,2597,0.9764340147196128,0.9968981
slug_flow,2598,0.9476937360797426,0.9602363
slug_flow,2599,0.8951566632067058,0.9140357
slug_flow,2600,0.8154232540671928,0.83328325
slug_flow,2601,0.7274941710959384,0.7474502
slug_flow,2602,0.625068894951065,0.6344925
slug_flow,2603,0.4931452783703757,0.5295279
slug_flow,2604,0.357186634466427,0.4098511
slug_flow,2605,0.2053681554930792,0.3110552
slug_flow,2606,0.0732120782194589,0.20433164
slug_flow,2607,0.0169746727381157,0.14471433
slug_flow,2608,0.0173132794692176,0.12179513
slug_flow,2609,0.083715406910533,0.12879923
slug_flow,2610,0.2025224680127479,0.13135277
slug_flow,2611,0.2624110885663069,0.14305064
slug_flow,2612,0.3096517262423259,0.16305915
slug_flow,2613,0.3044037565787071,0.14477645
slug_flow,2614,0.2268770288150416,0.16013736
slug_flow,2615,0.1700170911638856,0.14665261
slug_flow,2616,0.1528833297690519,0.19085233
slug_flow,2617,0.1812637029232323,0.20846342
slug_flow,2618,0.2443131673247547,0.2379878
slug_flow,2619,0.3118589726871725,0.26228237
slug_flow,2620,0.316866788026101,0.27201763
slug_flow,2621,0.3088491109291299,0.2877529
slug_flow,2622,0.2838350276709942,0.29043788
slug_flow,2623,0.2403875243197004,0.27626136
slug_flow,2624,0.2311534710015283,0.26883465
slug_flow,2625,0.242842314453074,0.26261878
slug_flow,2626,0.2714469765331191,0.26829967
slug_flow,2627,0.3020537215444292,0.26804245
slug_flow,2628,0.2968418293630716,0.26576495
slug_flow,2629,0.2937767647104847,0.26925433
slug_flow,2630,0.2839237000370337,0.2712069
slug_flow,2631,0.2571329094446501,0.2740893
slug_flow,2632,0.2614895914290334,0.26912418
slug_flow,2633,0.2650299660436998,0.2665568
slug_flow,2634,0.2704644084770782,0.26594967
slug_flow,2635,0.2896782757919224,0.2748138
slug_flow,2636,0.2829456959998331,0.2746313
slug_flow,2637,0.2877522598413286,0.2799298
slug_flow,2638,0.2743350876552418,0.28295505
slug_flow,2639,0.2734254135001069,0.27534944
slug_flow,2640,0.2667921989181971,0.27108598
slug_flow,2641,0.2740852402238716,0.2758861
slug_flow,2642,0.2771037518842877,0.28136933
slug_flow,2643,0.281797301925929,0.2823199
slug_flow,2644,0.2838306809863845,0.27459526
slug_flow,2645,0.2798417906154831,0.27591598
slug_flow,2646,0.2758586130300688,0.27759394
slug_flow,2647,0.27377481242814,0.2812751
slug_flow,2648,0.2734075486263607,0.2789146
slug_flow,2649,0.274957069245004,0.28119186
slug_flow,2650,0.2779748274800878,0.27894396
slug_flow,2651,0.2796929270168471,0.27267206
slug_flow,2652,0.2801878431608711,0.26917246
slug_flow,2653,0.2792854714358806,0.27641088
slug_flow,2654,0.2769227124702904,0.27309138
slug_flow,2655,0.2753724339681767,0.26964858
slug_flow,2656,0.2760102502274558,0.27321345
slug_flow,2657,0.2765609130720206,0.2807191
slug_flow,2658,0.2781777633178069,0.28199723
slug_flow,2659,0.2795670947588495,0.27647984
slug_flow,2660,0.2797119160625542,0.27831632
slug_flow,2661,0.2782402955233083,0.2782626
slug_flow,2662,0.2771377864247824,0.2801991
slug_flow,2663,0.2766051002258537,0.27588254
slug_flow,2664,0.2770499320257558,0.2775836
slug_flow,2665,0.277843715666131,0.27593035
slug_flow,2666,0.2790209954350328,0.27785516
slug_flow,2667,0.2793410849460856,0.27680716
slug_flow,2668,0.2787051791616463,0.27638462
slug_flow,2669,0.2775803658517503,0.2776867
slug_flow,2670,0.2768568601984522,0.27413768
slug_flow,2671,0.2767287199361559,0.27607632
slug_flow,2672,0.2773798750241241,0.27688992
slug_flow,2673,0.2783944042521007,0.27509126
slug_flow,2674,0.2792008934643651,0.27515122
slug_flow,2675,0.2792810235920654,0.27388358
slug_flow,2676,0.2787494066775507,0.26656628
slug_flow,2677,0.2781334145962739,0.2817611
slug_flow,2678,0.2776517350694393,0.28352875
slug_flow,2679,0.2777611712134994,0.27247918
slug_flow,2680,0.2783075903352144,0.27844948
slug_flow,2681,0.2791264648494315,0.27688035
slug_flow,2682,0.2789498371345573,0.27608564
slug_flow,2683,0.2786777866895957,0.2796033
slug_flow,2684,0.278202207381675,0.2753662
slug_flow,2685,0.2777420383709862,0.27695087
slug_flow,2686,0.2775583185014795,0.27734265
slug_flow,2687,0.2782007584868051,0.27505624
slug_flow,2688,0.2787856290492989,0.26875284
slug_flow,2689,0.2790331002930825,0.28487277
slug_flow,2690,0.2789808434847737,0.28516528
slug_flow,2691,0.2786049035625234,0.27338123
slug_flow,2692,0.2784194450191727,0.27215415
slug_flow,2693,0.2778884733458402,0.27789256
slug_flow,2694,0.278360426701471,0.27493465
slug_flow,2695,0.2785246347867294,0.28235215
slug_flow,2696,0.2788133512378102,0.2858655
slug_flow,2697,0.2789067566604248,0.28456563
slug_flow,2698,0.2789181546334016,0.2803018
slug_flow,2699,0.2786139833037082,0.27516794
slug_flow,2700,0.278536452567707,0.27455735
slug_flow,2701,0.2786009432498789,0.28360116
slug_flow,2702,0.2787736515183742,0.27219215
slug_flow,2703,0.2789338732851827,0.273378
slug_flow,2704,0.2791395457695264,0.27716434
slug_flow,2705,0.2790926015757408,0.28272
slug_flow,2706,0.2789023765397795,0.28264263
slug_flow,2707,0.2788611647685178,0.27749637
slug_flow,2708,0.2788364369627377,0.27814165
slug_flow,2709,0.2788175047364373,0.28112647
slug_flow,2710,0.2789902130049326,0.2736557
slug_flow,2711,0.2792065813055083,0.2839406
slug_flow,2712,0.2792202009172856,0.27497584
slug_flow,2713,0.2791716146426475,0.27763417
slug_flow,2714,0.2792585483348431,0.27860057
slug_flow,2715,0.2791606996346273,0.28080744
slug_flow,2716,0.2789822217924577,0.27768865
slug_flow,2717,0.2791668815860724,0.2834486
slug_flow,2718,0.2793723200181678,0.27430308
slug_flow,2719,0.279450864980578,0.2773614
slug_flow,2720,0.2793487476131686,0.27506763
slug_flow,2721,0.2792826965826752,0.28003612
slug_flow,2722,0.2790724990881993,0.2877128
slug_flow,2723,0.2789591100617248,0.27521762
slug_flow,2724,0.2792036017832374,0.27773905
slug_flow,2725,0.2797122456151129,0.27249256
slug_flow,2726,0.2800622391738464,0.26922804
slug_flow,2727,0.2800628781736352,0.28595173
slug_flow,2728,0.2795030214807804,0.27828452
slug_flow,2729,0.2790037360237186,0.27467424
slug_flow,2730,0.2782551886374187,0.27737793
slug_flow,2731,0.2780432153179484,0.27896494
slug_flow,2732,0.2785864543011797,0.284374
slug_flow,2733,0.2794893795783127,0.28430104
slug_flow,2734,0.2802930592719709,0.2833589
slug_flow,2735,0.2791405039720004,0.27481502
slug_flow,2736,0.2790835722308992,0.28246063
slug_flow,2737,0.2795020548753916,0.27200374
slug_flow,2738,0.2791901604969825,0.2790654
slug_flow,2739,0.2801414634715802,0.27323377
slug_flow,2740,0.2812917204103171,0.27766287
slug_flow,2741,0.2806996771282672,0.28813466
slug_flow,2742,0.2797366691529703,0.28300157
slug_flow,2743,0.2795710673325238,0.28050515
slug_flow,2744,0.2794742964067377,0.2737738
slug_flow,2745,0.2793857613044226,0.28276837
slug_flow,2746,0.2801942446418419,0.2785845
slug_flow,2747,0.2812057181505378,0.2803214
slug_flow,2748,0.2813262747266268,0.28024304
slug_flow,2749,0.2809334526932927,0.2878862
slug_flow,2750,0.2806027818576952,0.28168717
slug_flow,2751,0.2802121529824342,0.27850705
slug_flow,2752,0.2799000284273173,0.27697256
slug_flow,2753,0.2800126153206475,0.27584434
slug_flow,2754,0.2802451877854685,0.28167176
slug_flow,2755,0.2803626476227236,0.28088927
slug_flow,2756,0.2802734163972343,0.27438593
slug_flow,2757,0.2802035589660057,0.2878729
slug_flow,2758,0.28028572563486,0.28081012
slug_flow,2759,0.2802889354942642,0.27609766
slug_flow,2760,0.2805551532085955,0.27573997
slug_flow,2761,0.2810288080869197,0.2801694
slug_flow,2762,0.2812237568916684,0.28217208
slug_flow,2763,0.2818527023970464,0.27568775
slug_flow,2764,0.2802689285865009,0.2709173
slug_flow,2765,0.2798006721080835,0.27836615
slug_flow,2766,0.2812588346364694,0.28139
slug_flow,2767,0.2818219041608203,0.2859463
slug_flow,2768,0.2808877147044863,0.28676945
slug_flow,2769,0.2796178742625849,0.2738311
slug_flow,2770,0.2805170584188616,0.28668493
slug_flow,2771,0.2819195886529508,0.2852686
slug_flow,2772,0.2854369982839289,0.2778011
slug_flow,2773,0.2877043376435058,0.2829384
slug_flow,2774,0.2825795964885743,0.2747084
slug_flow,2775,0.2774975615099339,0.28144845
slug_flow,2776,0.2758411021006409,0.27307406
slug_flow,2777,0.2748470774258785,0.28016856
slug_flow,2778,0.2808734451598673,0.28092042
slug_flow,2779,0.2827496605239319,0.28670955
slug_flow,2780,0.2854745971058035,0.29000512
slug_flow,2781,0.2830135042797457,0.27969617
slug_flow,2782,0.2792744861784123,0.27579454
slug_flow,2783,0.2789695227861901,0.28244722
slug_flow,2784,0.2788802418843051,0.2796728
slug_flow,2785,0.2812656154644606,0.27808195
slug_flow,2786,0.2822514435339589,0.28611764
slug_flow,2787,0.2827850425366556,0.27925506
slug_flow,2788,0.2826809829070974,0.28200415
slug_flow,2789,0.2788964984847457,0.2710316
slug_flow,2790,0.2777961787426258,0.2783933
slug_flow,2791,0.2773378208505245,0.27676198
slug_flow,2792,0.2770991878654475,0.28073594
slug_flow,2793,0.2764627028380373,0.27790973
slug_flow,2794,0.2822545731468779,0.27909052
slug_flow,2795,0.2799288795464147,0.28124064
slug_flow,2796,0.277634482075142,0.28112495
slug_flow,2797,0.2800012518451676,0.27772778
slug_flow,2798,0.2778564237913174,0.27471972
slug_flow,2799,0.2755363374140008,0.2862922
slug_flow,2800,0.27938902131788,0.27813452
slug_flow,2801,0.2759444910988592,0.28138423
slug_flow,2802,0.2800449360254959,0.28178754
slug_flow,2803,0.2780885367494797,0.2837944
slug_flow,2804,0.2766408299733461,0.27181998
slug_flow,2805,0.2819018396907942,0.2765363
slug_flow,2806,0.2793173010218186,0.28249767
slug_flow,2807,0.2780342901255496,0.2812519
slug_flow,2808,0.2787089825106798,0.2835408
slug_flow,2809,0.2789808676330216,0.27866092
slug_flow,2810,0.2789585691409734,0.2787902
slug_flow,2811,0.2792195006180986,0.27983856
slug_flow,2812,0.2804217935811639,0.269709
slug_flow,2813,0.2798219511050142,0.28506643
slug_flow,2814,0.281741316628155,0.28145897
slug_flow,2815,0.2831895450064418,0.28090948
slug_flow,2816,0.2818751075804441,0.27570766
slug_flow,2817,0.2820621019523568,0.27987382
slug_flow,2818,0.2818216433597438,0.29514962
slug_flow,2819,0.2817336229963957,0.2836859
slug_flow,2820,0.2822060641466328,0.27910852
slug_flow,2821,0.2833147295232034,0.2696053
slug_flow,2822,0.2839067479670556,0.29045904
slug_flow,2823,0.2840867007099005,0.2887112
slug_flow,2824,0.283843373305445,0.28833222
slug_flow,2825,0.283016764293203,0.30047125
slug_flow,2826,0.2846259069357438,0.30872983
slug_flow,2827,0.2979015945377822,0.3033198
slug_flow,2828,0.3133361934518066,0.31548184
slug_flow,2829,0.3316216089340017,0.3254234
slug_flow,2830,0.3549274451404935,0.3408351
slug_flow,2831,0.376674994914379,0.35016605
slug_flow,2832,0.3941441030268573,0.35946384
slug_flow,2833,0.4059962079523464,0.37788674
slug_flow,2834,0.4120989531444786,0.39577177
slug_flow,2835,0.4126987956206283,0.41005605
slug_flow,2836,0.4095124584674285,0.4205369
slug_flow,2837,0.4048030430269616,0.40853405
slug_flow,2838,0.4011133597959492,0.4151207
slug_flow,2839,0.3999714857489598,0.41289437
slug_flow,2840,0.4004118048999306,0.41671687
slug_flow,2841,0.4030106876281185,0.41394684
slug_flow,2842,0.4081393407991988,0.40049413
slug_flow,2843,0.4152066153062413,0.40683377
slug_flow,2844,0.4238395656097268,0.41233233
slug_flow,2845,0.4333835810074223,0.42089692
slug_flow,2846,0.442153451876116,0.41943094
slug_flow,2847,0.4529410537406698,0.43954924
slug_flow,2848,0.4643206740490758,0.43213803
slug_flow,2849,0.4747979226324912,0.45636913
slug_flow,2850,0.4861662415609118,0.45778805
slug_flow,2851,0.4987455468216172,0.4836512
slug_flow,2852,0.5129244320187221,0.50233155
slug_flow,2853,0.5291462589824237,0.5447855
slug_flow,2854,0.5445943760855845,0.57655793
slug_flow,2855,0.5624766365702225,0.6046524
slug_flow,2856,0.5874700730764617,0.63504755
slug_flow,2857,0.6118419336835024,0.66313314
slug_flow,2858,0.6406474125925192,0.6952793
slug_flow,2859,0.6805499773103064,0.73622066
slug_flow,2860,0.7256859502982695,0.738994
slug_flow,2861,0.7748295664964504,0.7530967
slug_flow,2862,0.8350028948919501,0.78424954
slug_flow,2863,0.9021265719784892,0.7692933
slug_flow,2864,0.9489534052796572,0.764813
slug_flow,2865,0.9749943927768534,0.7685243
slug_flow,2866,0.9794149710250004,0.7523103
slug_flow,2867,0.9614275207728058,0.75834394
slug_flow,2868,0.9238252215505148,0.7246841
slug_flow,2869,0.859726836952383,0.7092497
slug_flow,2870,0.7684595002008168,0.6707331
slug_flow,2871,0.6636935343935766,0.6231571
slug_flow,2872,0.5500625053246887,0.5952801
slug_flow,2873,0.4177576845037216,0.54848754
slug_flow,2874,0.2764170626496346,0.5224893
slug_flow,2875,0.1267884433826943,0.44668776
slug_flow,2876,0.0376118619284326,0.40912428
slug_flow,2877,0.0097291841620721,0.357666
slug_flow,2878,0.0471823921022479,0.29961574
slug_flow,2879,0.1412524710902006,0.248495
slug_flow,2880,0.2441977932751573,0.22218557
slug_flow,2881,0.2887606906707978,0.18185148
slug_flow,2882,0.3269732644123022,0.17833218
slug_flow,2883,0.2734899182997161,0.1626208
slug_flow,2884,0.1996440065304589,0.15642057
slug_flow,2885,0.1537074611710663,0.18371367
slug_flow,2886,0.166579732974471,0.19314007
slug_flow,2887,0.2107824727767143,0.2199852
slug_flow,2888,0.2840697486399224,0.23831488
slug_flow,2889,0.3199748848563247,0.23437828
slug_flow,2890,0.3123892682095658,0.2522012
slug_flow,2891,0.2953304871242508,0.27469164
slug_flow,2892,0.2632013158283651,0.29918146
slug_flow,2893,0.2309542189790159,0.29911914
slug_flow,2894,0.2362480461652679,0.29770684
slug_flow,2895,0.255375631790608,0.30270723
slug_flow,2896,0.2837522233291779,0.3002161
slug_flow,2897,0.3070019873042036,0.2895032
slug_flow,2898,0.2938530490253864,0.2834767
slug_flow,2899,0.2869529045415899,0.27112854
slug_flow,2900,0.2757171594937677,0.2730091
slug_flow,2901,0.2537033752875332,0.26745716
slug_flow,2902,0.2634521195303494,0.27090713
slug_flow,2903,0.2723484789211876,0.25524887
slug_flow,2904,0.2784038452510732,0.26488206
slug_flow,2905,0.2848143357135778,0.23442718
slug_flow,2906,0.2860403615746126,0.26132149
slug_flow,2907,0.2778594230036981,0.263022
slug_flow,2908,0.274200514299723,0.27610168
slug_flow,2909,0.2692969324577372,0.28269625
slug_flow,2910,0.2713468289197098,0.2685456
slug_flow,2911,0.2766906429789742,0.2725846
slug_flow,2912,0.2790445465625549,0.26832902
slug_flow,2913,0.2823732376367249,0.2697825
slug_flow,2914,0.2810396747984442,0.29898924
slug_flow,2915,0.278100384569816,0.28141132
slug_flow,2916,0.2753034793099054,0.27421406
slug_flow,2917,0.2740025010823245,0.28689796
slug_flow,2918,0.2747245940631243,0.27565867
slug_flow,2919,0.2766615491699861,0.28570533
slug_flow,2920,0.2785942300369816,0.28708416
slug_flow,2921,0.2797806141343751,0.27707005
slug_flow,2922,0.2801596292262222,0.27024913
slug_flow,2923,0.278013710549688,0.28285223
slug_flow,2924,0.2761000689718539,0.27363032
slug_flow,2925,0.2754494705938761,0.2831391
slug_flow,2926,0.2760976185881124,0.27508163
slug_flow,2927,0.277071412550791,0.27676007
slug_flow,2928,0.2789374902774892,0.28790304
slug_flow,2929,0.2800616963299766,0.28250343
slug_flow,2930,0.2791553870201043,0.27986547
slug_flow,2931,0.2775979012925575,0.26946938
slug_flow,2932,0.276772907089989,0.285984
slug_flow,2933,0.2765782377149653,0.27600026
slug_flow,2934,0.2772449401034764,0.26957834
slug_flow,2935,0.2784646593202955,0.27161622
slug_flow,2936,0.2794399625716438,0.28898862
slug_flow,2937,0.279191247168135,0.28052863
slug_flow,2938,0.2782110225420576,0.27416852
slug_flow,2939,0.2771554774311441,0.2704697
slug_flow,2940,0.2766040570215474,0.27608135
slug_flow,2941,0.2768810277648826,0.28680182
slug_flow,2942,0.2778858291127026,0.28314996
slug_flow,2943,0.2789214350799917,0.26950538
slug_flow,2944,0.2794148667045698,0.2860875
slug_flow,2945,0.2791236562224529,0.27789706
slug_flow,2946,0.2784663372013476,0.26876986
slug_flow,2947,0.2777876525535836,0.272282
slug_flow,2948,0.2775485180279747,0.2844787
slug_flow,2949,0.2779786391881302,0.272079
slug_flow,2950,0.2786778312709764,0.27102855
slug_flow,2951,0.2792387096204702,0.2646151
slug_flow,2952,0.2788610681755264,0.2715407
slug_flow,2953,0.2785101718438355,0.2758952
slug_flow,2954,0.2779511621972124,0.2884195
slug_flow,2955,0.2775104083777806,0.27382794
slug_flow,2956,0.2777847324731534,0.26062167
slug_flow,2957,0.2784870601131026,0.27375346
slug_flow,2958,0.2789995825250915,0.2827018
slug_flow,2959,0.2791049654786308,0.26661777
slug_flow,2960,0.2788302550112926,0.27789035
slug_flow,2961,0.2785936987755293,0.2823761
slug_flow,2962,0.2779472427508335,0.27282056
slug_flow,2963,0.2780648521480059,0.2651962
slug_flow,2964,0.2783956831433059,0.2738718
slug_flow,2965,0.2786890360579704,0.2748977
slug_flow,2966,0.2789317742451789,0.2854066
slug_flow,2967,0.2790452710099898,0.2962595
slug_flow,2968,0.2788090045532004,0.2753706
slug_flow,2969,0.2785485898485789,0.27467206
slug_flow,2970,0.2785279189484346,0.28432924
slug_flow,2971,0.2786365860636791,0.2742463
slug_flow,2972,0.2788006641199107,0.2771661
slug_flow,2973,0.2790442084870852,0.29288238
slug_flow,2974,0.2791837853595548,0.2802973
slug_flow,2975,0.2791229540657082,0.28644517
slug_flow,2976,0.2788941029785608,0.26609755
slug_flow,2977,0.2788001179979982,0.28531894
slug_flow,2978,0.2787900723269,0.27967164
slug_flow,2979,0.278850925911437,0.2846909
slug_flow,2980,0.2790071167784151,0.2848768
slug_flow,2981,0.2792737134344816,0.2860415
slug_flow,2982,0.2792868500813023,0.28658685
slug_flow,2983,0.2793634483234258,0.2861373
slug_flow,2984,0.2792497583726322,0.28142658
slug_flow,2985,0.2791121133599891,0.2777432
slug_flow,2986,0.2790438109697747,0.28357163
slug_flow,2987,0.2790520325193828,0.2825882
slug_flow,2988,0.2793038095815106,0.28558004
slug_flow,2989,0.279351760571475,0.28646764
slug_flow,2990,0.2793616873588915,0.2812978
slug_flow,2991,0.2793221065231372,0.2690047
slug_flow,2992,0.2792037020913437,0.2692379
slug_flow,2993,0.2791332672250901,0.28355196
slug_flow,2994,0.279502921172674,0.2827712
slug_flow,2995,0.2798408591830667,0.28883168
slug_flow,2996,0.2797587068439418,0.27289885
